Year,Country,Gross Domestic Product (GDP),GDP Growth Rate (%),Price Inflation Rate (%)
1960,Afghanistan,537777811.1,4.74796003,6.124619936
1960,Armenia,6898248878.0,3.515202551,126.8455368
1960,Azerbaijan,29420997153.0,4.000604339,108.1802041
1960,Bahrain,16101033255.0,3.808078596,3.531110669
1960,Bangladesh,4274894083.0,4.384706192,6.27939513
1960,Bhutan,925869512.9,6.832227605,7.284395103
1960,Brunei Darussalam,6442076505.0,1.555753639,1.460945065
1960,Cambodia,637142865.7,5.600001174,4.398758198
1960,China,59716249311.0,7.991646664,4.773168146
1960,Cyprus,12913632679.0,4.88657026,0.827300931
1960,Georgia,9834973348.0,2.468894061,12.66676181
1960,India,37029883876.0,5.140132638,1.779877847
1960,Indonesia,334969000000.0,5.111197397,39.59044369
1960,"Iran, Islamic Rep.",4199134390.0,4.044004475,9.822410813
1960,Iraq,1683918766.0,7.121138889,3.478237904
1960,Israel,2598500000.0,5.254969835,2.228112421
1960,Japan,44307342950.0,3.431674248,3.574511525
1960,Jordan,13437231336.0,4.65248636,5.772380507
1960,Kazakhstan,100142000000.0,2.88125,82.35942488
1960,"Korea, Rep.",3958811881.0,7.116386904,7.965565755
1960,Kuwait,54755304666.0,4.153980922,3.995213715
1960,Kyrgyz Republic,4463041023.0,2.192187936,10.20763482
1960,Lao PDR,6219585043.0,6.075047488,16.89769908
1960,Lebanon,25698059776.0,3.80501052,31.6503076
1960,Malaysia,1916229477.0,6.122324996,0.063182598
1960,Maldives,1714876941.0,5.991783374,4.888363683
1960,Mongolia,5442036507.0,4.519967418,21.93483208
1960,Myanmar,545098463.8,5.315879094,7.389937107
1960,Nepal,508334414.0,3.820556277,7.829823384
1960,Oman,28692807353.0,8.014624442,2.111150506
1960,Pakistan,3749265015.0,5.071977069,6.947368421
1960,Philippines,7515894111.0,4.280364468,4.15482178
1960,Qatar,55943064814.0,7.927137935,3.272968941
1960,Saudi Arabia,293432000000.0,4.996335607,3.424814804
1960,Singapore,704751700.3,7.022148823,2.528032344
1960,Sri Lanka,1409873950.0,4.404967973,-1.544676806
1960,Syrian Arab Republic,857704413.4,3.63659511,5.118909513
1960,Tajikistan,4407068380.0,2.500033543,11.18745334
1960,Thailand,2760750861.0,5.611676998,-0.765864333
1960,Timor-Leste,1236354422.0,4.942936305,4.843521556
1960,Turkiye,7566666667.0,4.781494849,5.664739884
1960,United Arab Emirates,168800000000.0,4.638126216,2.080245139
1960,Uzbekistan,36471688434.0,4.420479188,12.17375952
1960,Viet Nam,115503000000.0,6.382217698,5.772232768
1960,"Yemen, Rep.",20874604448.0,1.861577367,17.49567681
1961,Afghanistan,548888895.6,4.74796003,6.124619936
1961,Armenia,6898248878.0,3.515202551,126.8455368
1961,Azerbaijan,29420997153.0,4.000604339,108.1802041
1961,Bahrain,16101033255.0,3.808078596,3.531110669
1961,Bangladesh,4817580375.0,6.058160825,6.27939513
1961,Bhutan,925869512.9,6.832227605,7.284395103
1961,Brunei Darussalam,6442076505.0,1.555753639,1.460945065
1961,Cambodia,642857134.3,5.600001174,4.398758198
1961,China,50056685957.0,-27.27,4.773168146
1961,Cyprus,12913632679.0,4.88657026,-0.615384615
1961,Georgia,9834973348.0,2.468894061,12.66676181
1961,India,39232435784.0,3.722742533,1.695212939
1961,Indonesia,334969000000.0,5.740645823,13.69193154
1961,"Iran, Islamic Rep.",4426949095.0,10.39091835,3.162564396
1961,Iraq,1831479827.0,7.121138889,0.916260432
1961,Israel,3138500000.0,11.20388562,6.789823404
1961,Japan,53508617739.0,12.04353641,5.368461785
1961,Jordan,13437231336.0,4.65248636,5.772380507
1961,Kazakhstan,100142000000.0,2.88125,82.35942488
1961,"Korea, Rep.",2417628737.0,6.935992652,8.195652883
1961,Kuwait,54755304666.0,4.153980922,3.995213715
1961,Kyrgyz Republic,4463041023.0,2.192187936,10.20763482
1961,Lao PDR,6219585043.0,6.075047488,16.89769908
1961,Lebanon,25698059776.0,3.80501052,31.6503076
1961,Malaysia,1901856123.0,7.597994,-0.180407722
1961,Maldives,1714876941.0,5.991783374,4.888363683
1961,Mongolia,5442036507.0,4.519967418,21.93483208
1961,Myanmar,605581577.3,0.47156108,-0.146412883
1961,Nepal,531959561.2,1.908265972,7.829823384
1961,Oman,28692807353.0,8.014624442,2.111150506
1961,Pakistan,4118647627.0,5.987346419,1.640419948
1961,Philippines,8171194425.0,5.69547095,1.595633005
1961,Qatar,55943064814.0,7.927137935,3.272968941
1961,Saudi Arabia,293432000000.0,4.996335607,3.424814804
1961,Singapore,764629788.1,8.137529508,0.4
1961,Sri Lanka,1444327731.0,4.404967973,1.13444364
1961,Syrian Arab Republic,945244972.1,10.8330639,1.958890882
1961,Tajikistan,4407068380.0,2.500033543,11.18745334
1961,Thailand,3034037811.0,5.362146302,7.386990077
1961,Timor-Leste,1236354422.0,4.942936305,4.843521556
1961,Turkiye,7988888889.0,1.156069385,3.172856997
1961,United Arab Emirates,168800000000.0,4.638126216,2.080245139
1961,Uzbekistan,36471688434.0,4.420479188,12.17375952
1961,Viet Nam,115503000000.0,6.382217698,5.772232768
1961,"Yemen, Rep.",20874604448.0,1.861577367,17.49567681
1962,Afghanistan,546666677.8,4.74796003,6.124619936
1962,Armenia,6898248878.0,3.515202551,126.8455368
1962,Azerbaijan,29420997153.0,4.000604339,108.1802041
1962,Bahrain,16101033255.0,3.808078596,3.531110669
1962,Bangladesh,5081413542.0,5.45303097,6.27939513
1962,Bhutan,925869512.9,6.832227605,7.284395103
1962,Brunei Darussalam,6442076505.0,1.555753639,1.460945065
1962,Cambodia,660000008.6,5.600001174,4.398758198
1962,China,47209186415.0,-5.57999999,4.773168146
1962,Cyprus,12913632679.0,4.88657026,0.103199174
1962,Georgia,9834973348.0,2.468894061,12.66676181
1962,India,42161481858.0,2.931127735,3.632214971
1962,Indonesia,334969000000.0,1.841977702,131.3978495
1962,"Iran, Islamic Rep.",4693566416.0,7.90926793,0.721320572
1962,Iraq,1954399498.0,7.121138889,1.292362165
1962,Israel,2510000000.0,10.15611716,9.408194068
1962,Japan,60723018684.0,8.908972996,6.835440348
1962,Jordan,13437231336.0,4.65248636,5.772380507
1962,Kazakhstan,100142000000.0,2.88125,82.35942488
1962,"Korea, Rep.",2814615385.0,3.895272531,6.618310975
1962,Kuwait,54755304666.0,4.153980922,3.995213715
1962,Kyrgyz Republic,4463041023.0,2.192187936,10.20763482
1962,Lao PDR,6219585043.0,6.075047488,16.89769908
1962,Lebanon,25698059776.0,3.80501052,31.6503076
1962,Malaysia,2001489602.0,6.421029609,0.108440268
1962,Maldives,1714876941.0,5.991783374,4.888363683
1962,Mongolia,5442036507.0,4.519967418,21.93483208
1962,Myanmar,634528851.5,4.08687253,-1.612903227
1962,Nepal,574091100.7,1.910320031,7.829823384
1962,Oman,28692807353.0,8.014624442,2.111150506
1962,Pakistan,4310163797.0,4.482858627,-0.516462234
1962,Philippines,4954593072.0,4.846294189,5.796652201
1962,Qatar,55943064814.0,7.927137935,3.272968941
1962,Saudi Arabia,293432000000.0,4.996335607,3.424814804
1962,Singapore,826239211.8,7.553444181,0.41958042
1962,Sri Lanka,1434156379.0,3.818019558,1.503579953
1962,Syrian Arab Republic,1110565881.0,24.52129717,-3.846153846
1962,Tajikistan,4407068380.0,2.500033543,11.18745334
1962,Thailand,3308912797.0,7.554254448,3.696098563
1962,Timor-Leste,1236354422.0,4.942936305,4.843521556
1962,Turkiye,8922222222.0,5.571428582,3.888320251
1962,United Arab Emirates,168800000000.0,4.638126216,2.080245139
1962,Uzbekistan,36471688434.0,4.420479188,12.17375952
1962,Viet Nam,115503000000.0,6.382217698,5.772232768
1962,"Yemen, Rep.",20874604448.0,1.861577367,17.49567681
1963,Afghanistan,751111191.1,4.74796003,6.124619936
1963,Armenia,6898248878.0,3.515202551,126.8455368
1963,Azerbaijan,29420997153.0,4.000604339,108.1802041
1963,Bahrain,16101033255.0,3.808078596,3.531110669
1963,Bangladesh,5319458563.0,-0.45589429,6.27939513
1963,Bhutan,925869512.9,6.832227605,7.284395103
1963,Brunei Darussalam,6442076505.0,1.555753639,1.460945065
1963,Cambodia,728571437.1,5.600001174,4.398758198
1963,China,50706614526.0,10.3,4.773168146
1963,Cyprus,12913632679.0,4.88657026,1.958762887
1963,Georgia,9834973348.0,2.468894061,12.66676181
1963,India,48421923459.0,5.994353262,2.946161357
1963,Indonesia,334969000000.0,-2.237029984,145.9107807
1963,"Iran, Islamic Rep.",4928628018.0,7.042075229,0.371849607
1963,Iraq,1978199489.0,7.121138889,3.954957429
1963,Israel,2992333333.0,10.69571298,6.581137365
1963,Japan,69498131797.0,8.473642383,6.706905564
1963,Jordan,13437231336.0,4.65248636,5.772380507
1963,Kazakhstan,100142000000.0,2.88125,82.35942488
1963,"Korea, Rep.",3988461538.0,9.020568283,20.69164732
1963,Kuwait,54755304666.0,4.153980922,3.995213715
1963,Kyrgyz Republic,4463041023.0,2.192187936,10.20763482
1963,Lao PDR,6219585043.0,6.075047488,16.89769908
1963,Lebanon,25698059776.0,3.80501052,31.6503076
1963,Malaysia,2510110348.0,7.338803527,3.105253656
1963,Maldives,1714876941.0,5.991783374,4.888363683
1963,Mongolia,5442036507.0,4.519967418,21.93483208
1963,Myanmar,598998434.7,13.34929493,-2.682563338
1963,Nepal,496947904.4,1.895111645,7.829823384
1963,Oman,28692807353.0,8.014624442,2.111150506
1963,Pakistan,4630827383.0,8.688831518,1.456488448
1963,Philippines,5505023238.0,7.016265184,5.62554937
1963,Qatar,55943064814.0,7.927137935,3.272968941
1963,Saudi Arabia,293432000000.0,4.996335607,3.424814804
1963,Singapore,917608012.5,10.04017331,2.205199629
1963,Sri Lanka,1240672269.0,2.516748594,2.2729054
1963,Syrian Arab Republic,1200447408.0,-8.652746672,1.916666667
1963,Tajikistan,4407068380.0,2.500033543,11.18745334
1963,Thailand,3540403457.0,7.999830787,4.143100876
1963,Timor-Leste,1236354422.0,4.942936305,4.843521556
1963,Turkiye,10355555556.0,9.066305552,6.362706928
1963,United Arab Emirates,168800000000.0,4.638126216,2.080245139
1963,Uzbekistan,36471688434.0,4.420479188,12.17375952
1963,Viet Nam,115503000000.0,6.382217698,5.772232768
1963,"Yemen, Rep.",20874604448.0,1.861577367,17.49567681
1964,Afghanistan,800000044.4,4.74796003,6.124619936
1964,Armenia,6898248878.0,3.515202551,126.8455368
1964,Azerbaijan,29420997153.0,4.000604339,108.1802041
1964,Bahrain,16101033255.0,3.808078596,3.531110669
1964,Bangladesh,5386054833.0,10.95278855,6.27939513
1964,Bhutan,925869512.9,6.832227605,7.284395103
1964,Brunei Darussalam,6442076505.0,1.555753639,1.460945065
1964,Cambodia,782857128.6,5.600001174,4.398758198
1964,China,59708125204.0,18.17999999,4.773168146
1964,Cyprus,12913632679.0,4.88657026,-0.303336705
1964,Georgia,9834973348.0,2.468894061,12.66676181
1964,India,56480289941.0,7.452950123,13.35526115
1964,Indonesia,334969000000.0,3.529698148,108.994709
1964,"Iran, Islamic Rep.",5379845648.0,8.475228249,3.814489572
1964,Iraq,2340239344.0,7.121138889,-0.09013652
1964,Israel,3405333333.0,7.937191975,5.172750423
1964,Japan,81749006382.0,11.6767082,3.800389453
1964,Jordan,13437231336.0,4.65248636,5.772380507
1964,Kazakhstan,100142000000.0,2.88125,82.35942488
1964,"Korea, Rep.",3459019943.0,9.473824718,29.46283145
1964,Kuwait,54755304666.0,4.153980922,3.995213715
1964,Kyrgyz Republic,4463041023.0,2.192187936,10.20763482
1964,Lao PDR,6219585043.0,6.075047488,16.89769908
1964,Lebanon,25698059776.0,3.80501052,31.6503076
1964,Malaysia,2674423922.0,5.35896291,-0.402731571
1964,Maldives,1714876941.0,5.991783374,4.888363683
1964,Mongolia,5442036507.0,4.519967418,21.93483208
1964,Myanmar,411419905.8,-5.89401884,-0.459418069
1964,Nepal,496098775.3,7.532448553,7.829823384
1964,Oman,28692807353.0,8.014624442,2.111150506
1964,Pakistan,5204955901.0,7.569757449,4.179586881
1964,Philippines,5953756195.0,3.402494436,8.183079057
1964,Qatar,55943064814.0,7.927137935,3.272968941
1964,Saudi Arabia,293432000000.0,4.996335607,2.799999999
1964,Singapore,894153311.4,-3.103168156,1.726095844
1964,Sri Lanka,1309747899.0,3.906433837,3.195647176
1964,Syrian Arab Republic,1339494267.0,9.271363802,5.396565822
1964,Tajikistan,4407068380.0,2.500033543,11.18745334
1964,Thailand,3889129942.0,6.830996144,-0.792079208
1964,Timor-Leste,1236354422.0,4.942936305,4.843521556
1964,Turkiye,11177777778.0,5.459056798,1.119637815
1964,United Arab Emirates,168800000000.0,4.638126216,2.080245139
1964,Uzbekistan,36471688434.0,4.420479188,12.17375952
1964,Viet Nam,115503000000.0,6.382217698,5.772232768
1964,"Yemen, Rep.",20874604448.0,1.861577367,17.49567681
1965,Afghanistan,1006666638.0,4.74796003,6.124619936
1965,Armenia,6898248878.0,3.515202551,126.8455368
1965,Azerbaijan,29420997153.0,4.000604339,108.1802041
1965,Bahrain,16101033255.0,3.808078596,3.531110669
1965,Bangladesh,5906636792.0,1.606258229,6.27939513
1965,Bhutan,925869512.9,6.832227605,7.284395103
1965,Brunei Darussalam,114039500.6,1.555753639,1.460945065
1965,Cambodia,868571428.6,5.600001174,4.398758198
1965,China,70436008642.0,16.95,4.773168146
1965,Cyprus,12913632679.0,4.88657026,0.202839757
1965,Georgia,9834973348.0,2.468894061,12.66676181
1965,India,59554854576.0,-2.63577011,9.474758592
1965,Indonesia,334969000000.0,1.081589467,306.7631103
1965,"Iran, Islamic Rep.",6197319929.0,17.03571152,2.154374835
1965,Iraq,70142757423.0,7.121138889,-0.455580866
1965,Israel,3663333333.0,9.093965599,7.708333264
1965,Japan,90950278258.0,5.819707873,6.655990943
1965,Jordan,599759760.1,4.65248636,5.772380507
1965,Kazakhstan,100142000000.0,2.88125,82.35942488
1965,"Korea, Rep.",3120861499.0,7.31843358,13.54819471
1965,Kuwait,2097199161.0,4.153980922,3.995213715
1965,Kyrgyz Republic,4463041023.0,2.192187936,10.20763482
1965,Lao PDR,6219585043.0,6.075047488,16.89769908
1965,Lebanon,25698059776.0,3.80501052,31.6503076
1965,Malaysia,2956337669.0,7.684863475,-0.105485232
1965,Maldives,1714876941.0,5.991783374,4.888363683
1965,Mongolia,5442036507.0,4.519967418,21.93483208
1965,Myanmar,367053111.3,10.69264951,17.69230769
1965,Nepal,735267081.7,-1.203189018,8.471869328
1965,Oman,63279974.69,8.014624442,2.111150506
1965,Pakistan,5929231415.0,10.41936582,5.568635479
1965,Philippines,6517349772.0,5.345089329,2.564102564
1965,Qatar,55943064814.0,7.927137935,3.272968941
1965,Saudi Arabia,293432000000.0,4.996335607,0.389105059
1965,Singapore,974644096.1,7.834260465,0.178611297
1965,Sri Lanka,1698319328.0,2.536953536,0.222783306
1965,Syrian Arab Republic,1329842435.0,2.299373875,-3.87897595
1965,Tajikistan,4407068380.0,2.500033543,11.18745334
1965,Thailand,4388937649.0,8.181661538,0.166333998
1965,Timor-Leste,1236354422.0,4.942936305,4.843521556
1965,Turkiye,11966666667.0,2.823529543,4.555533684
1965,United Arab Emirates,168800000000.0,4.638126216,2.080245139
1965,Uzbekistan,36471688434.0,4.420479188,12.17375952
1965,Viet Nam,115503000000.0,6.382217698,5.772232768
1965,"Yemen, Rep.",20874604448.0,1.861577367,17.49567681
1966,Afghanistan,1399999967.0,4.74796003,6.124619936
1966,Armenia,6898248878.0,3.515202551,126.8455368
1966,Azerbaijan,29420997153.0,4.000604339,108.1802041
1966,Bahrain,16101033255.0,3.808078596,2.134471719
1966,Bangladesh,6439687854.0,2.566812001,6.27939513
1966,Bhutan,925869512.9,6.832227605,7.284395103
1966,Brunei Darussalam,132757528.0,1.555753639,1.460945065
1966,Cambodia,914285714.3,5.600001174,4.398758198
1966,China,76720005492.0,10.65,4.773168146
1966,Cyprus,12913632679.0,4.88657026,0.506072874
1966,Georgia,9834973348.0,7.535631294,12.66676181
1966,India,45865462034.0,-0.05532877,10.80184835
1966,Indonesia,334969000000.0,2.791346825,1136.254112
1966,"Iran, Islamic Rep.",6789938672.0,11.50240728,-0.388148532
1966,Iraq,70142757423.0,7.121138889,1.983218917
1966,Israel,3980000000.0,-0.079644772,7.930367544
1966,Japan,105628000000.0,10.63856156,5.040832059
1966,Jordan,657999736.8,4.65248636,5.772380507
1966,Kazakhstan,100142000000.0,2.88125,82.35942488
1966,"Korea, Rep.",3929055144.0,11.99395661,11.26138488
1966,Kuwait,2391199044.0,4.153980922,3.995213715
1966,Kyrgyz Republic,4463041023.0,2.192187936,10.20763482
1966,Lao PDR,6219585043.0,6.075047488,16.89769908
1966,Lebanon,25698059776.0,3.80501052,31.6503076
1966,Malaysia,3143517944.0,7.816711026,0.967969025
1966,Maldives,1714876941.0,5.991783374,4.888363683
1966,Mongolia,5442036507.0,4.519967418,21.93483208
1966,Myanmar,293103482.4,-4.851778704,25.49019608
1966,Nepal,906811943.8,7.040643145,14.38897069
1966,Oman,67759972.9,5.204463599,2.111150506
1966,Pakistan,6561108778.0,5.789951801,7.227621598
1966,Philippines,7189017888.0,4.441158534,5.4
1966,Qatar,55943064814.0,7.927137935,3.272968941
1966,Saudi Arabia,293432000000.0,4.996335607,1.550387596
1966,Singapore,1096425608.0,10.18009531,2.005794517
1966,Sri Lanka,1751470588.0,5.023789438,-0.15560166
1966,Syrian Arab Republic,1321204503.0,-7.65906551,3.793381759
1966,Tajikistan,4407068380.0,2.500033543,11.18745334
1966,Thailand,5279230817.0,11.12251849,4.035204251
1966,Timor-Leste,1236354422.0,4.942936305,4.843521556
1966,Turkiye,14100000000.0,11.21281504,8.471996215
1966,United Arab Emirates,168800000000.0,4.638126216,2.080245139
1966,Uzbekistan,36471688434.0,4.420479188,12.17375952
1966,Viet Nam,115503000000.0,6.382217698,5.772232768
1966,"Yemen, Rep.",20874604448.0,1.861577367,17.49567681
1967,Afghanistan,1673333418.0,4.74796003,6.124619936
1967,Armenia,6898248878.0,3.515202551,126.8455368
1967,Azerbaijan,29420997153.0,4.000604339,108.1802041
1967,Bahrain,16101033255.0,3.808078596,4.258098223
1967,Bangladesh,7253575688.0,-1.87586392,6.27939513
1967,Bhutan,925869512.9,6.832227605,7.284395103
1967,Brunei Darussalam,139029537.2,1.555753639,1.460945065
1967,Cambodia,962857134.3,5.600001174,4.398758198
1967,China,72881364882.0,-5.770000004,4.773168146
1967,Cyprus,12913632679.0,4.88657026,0.704934543
1967,Georgia,9834973348.0,6.249999542,12.66676181
1967,India,50134942204.0,7.825963031,13.06220248
1967,Indonesia,5667756628.0,1.380402805,106.0
1967,"Iran, Islamic Rep.",7555383690.0,11.2528031,1.59761008
1967,Iraq,70142757423.0,7.121138889,3.290949888
1967,Israel,4030000000.0,2.995020166,1.70609316
1967,Japan,123782000000.0,11.08214232,3.989848089
1967,Jordan,631679747.3,4.65248636,5.772380507
1967,Kazakhstan,100142000000.0,2.88125,82.35942488
1967,"Korea, Rep.",4855892446.0,9.079606554,10.88244006
1967,Kuwait,2441599023.0,4.153980922,3.995213715
1967,Kyrgyz Republic,4463041023.0,2.192187936,10.20763482
1967,Lao PDR,6219585043.0,6.075047488,16.89769908
1967,Lebanon,25698059776.0,3.80501052,31.6503076
1967,Malaysia,3188924677.0,3.857146492,4.57556214
1967,Maldives,1714876941.0,5.991783374,4.888363683
1967,Mongolia,5442036507.0,4.519967418,21.93483208
1967,Myanmar,420359035.9,-5.925258883,0.833333332
1967,Nepal,841974025.5,-1.5714975,-2.808331383
1967,Oman,107151832.5,66.21908378,2.111150506
1967,Pakistan,7464510710.0,5.400612597,6.811399634
1967,Philippines,7724873935.0,5.222687589,6.253953194
1967,Qatar,55943064814.0,7.927137935,3.272968941
1967,Saudi Arabia,293432000000.0,4.996335607,2.099236642
1967,Singapore,1238035816.0,12.50861275,3.342800961
1967,Sri Lanka,1859465021.0,6.43902442,2.189239332
1967,Syrian Arab Republic,1443717801.0,8.257682647,6.454121306
1967,Tajikistan,4407068380.0,2.500033543,11.18745334
1967,Thailand,5638461442.0,8.615982333,4.309656824
1967,Timor-Leste,1236354422.0,4.942936305,4.843521556
1967,Turkiye,15644444444.0,4.732510244,13.97489295
1967,United Arab Emirates,168800000000.0,4.638126216,2.080245139
1967,Uzbekistan,36471688434.0,4.420479188,12.17375952
1967,Viet Nam,115503000000.0,6.382217698,5.772232768
1967,"Yemen, Rep.",20874604448.0,1.861577367,17.49567681
1968,Afghanistan,1373333367.0,4.74796003,6.124619936
1968,Armenia,6898248878.0,3.515202551,126.8455368
1968,Azerbaijan,29420997153.0,4.000604339,108.1802041
1968,Bahrain,16101033255.0,3.808078596,3.25732899
1968,Bangladesh,7483685771.0,9.489454015,6.27939513
1968,Bhutan,925869512.9,6.832227605,7.284395103
1968,Brunei Darussalam,160818235.9,1.555753639,1.460945065
1968,Cambodia,1065714249.0,5.600001174,4.398758198
1968,China,70846276051.0,-4.099999987,4.773168146
1968,Cyprus,12913632679.0,4.88657026,3.766666666
1968,Georgia,9834973348.0,4.456334813,12.66676181
1968,India,53085455871.0,3.387929176,3.237412426
1968,Indonesia,7076465300.0,10.91517857,128.8430421
1968,"Iran, Islamic Rep.",8623172960.0,14.40418268,0.690360522
1968,Iraq,2896598841.0,7.121138889,2.196475983
1968,Israel,4619000000.0,16.24195681,2.079221858
1968,Japan,146601000000.0,12.88246814,5.339432957
1968,Jordan,561119775.6,4.65248636,5.772380507
1968,Kazakhstan,100142000000.0,2.88125,82.35942488
1968,"Korea, Rep.",6119394892.0,13.16576829,10.7718214
1968,Kuwait,2662798935.0,4.153980922,3.995213715
1968,Kyrgyz Republic,4463041023.0,2.192187936,10.20763482
1968,Lao PDR,6219585043.0,6.075047488,16.89769908
1968,Lebanon,25698059776.0,3.80501052,31.6503076
1968,Malaysia,3330371551.0,7.977994642,-0.158346529
1968,Maldives,1714876941.0,5.991783374,4.888363683
1968,Mongolia,5442036507.0,4.519967418,21.93483208
1968,Myanmar,559956141.5,12.05934018,2.376033058
1968,Nepal,772231413.9,0.675483463,1.179869974
1968,Oman,188879848.9,81.88779671,2.111150506
1968,Pakistan,8041999160.0,7.233220925,0.170627348
1968,Philippines,8632749269.0,5.038159397,2.358806459
1968,Qatar,55943064814.0,7.927137935,3.272968941
1968,Saudi Arabia,4187777711.0,4.996335607,1.588785047
1968,Singapore,1425706091.0,13.52699422,0.655391121
1968,Sri Lanka,1801344538.0,5.801094166,5.860566449
1968,Syrian Arab Republic,1562303429.0,3.729080221,2.848794741
1968,Tajikistan,4407068380.0,2.500033543,11.18745334
1968,Thailand,6081009428.0,8.122270256,1.790359602
1968,Timor-Leste,1236354422.0,4.942936305,4.843521556
1968,Turkiye,17500000000.0,6.77799601,6.046239662
1968,United Arab Emirates,168800000000.0,4.638126216,2.080245139
1968,Uzbekistan,36471688434.0,4.420479188,12.17375952
1968,Viet Nam,115503000000.0,6.382217698,5.772232768
1968,"Yemen, Rep.",20874604448.0,1.861577367,17.49567681
1969,Afghanistan,1408888922.0,4.74796003,6.124619936
1969,Armenia,6898248878.0,3.515202551,126.8455368
1969,Azerbaijan,29420997153.0,4.000604339,108.1802041
1969,Bahrain,16101033255.0,3.808078596,-0.194127639
1969,Bangladesh,8471006438.0,1.220857909,6.27939513
1969,Bhutan,925869512.9,6.832227605,7.284395103
1969,Brunei Darussalam,161210236.4,1.555753639,1.460945065
1969,Cambodia,978873232.4,5.600001174,4.398758198
1969,China,79705614855.0,16.94,4.773168146
1969,Cyprus,12913632679.0,4.88657026,2.38515901
1969,Georgia,9834973348.0,4.778149723,12.66676181
1969,India,58447995017.0,6.539700299,-0.58413661
1969,Indonesia,8337423313.0,6.822298249,15.47987022
1969,"Iran, Islamic Rep.",9743089607.0,15.51665891,3.593194516
1969,Iraq,3007758797.0,3.24418646,5.739253661
1969,Israel,5329333333.0,13.56570351,2.458054256
1969,Japan,172204000000.0,12.47789451,5.249820911
1969,Jordan,698879720.4,4.65248636,5.772380507
1969,Kazakhstan,100142000000.0,2.88125,82.35942488
1969,"Korea, Rep.",7678698838.0,14.5613667,12.38956471
1969,Kuwait,2769198892.0,4.153980922,3.995213715
1969,Kyrgyz Republic,4463041023.0,2.192187936,10.20763482
1969,Lao PDR,6219585043.0,6.075047488,16.89769908
1969,Lebanon,25698059776.0,3.80501052,31.6503076
1969,Malaysia,3664552041.0,4.888533653,-0.409015025
1969,Maldives,1714876941.0,5.991783374,4.888363683
1969,Mongolia,5442036507.0,4.519967418,21.93483208
1969,Myanmar,571854203.6,3.291741121,-4.339051463
1969,Nepal,788641964.6,4.463421603,4.057591623
1969,Oman,239999808.0,25.66616882,2.111150506
1969,Pakistan,8683116338.0,5.507899634,3.186986796
1969,Philippines,9571800653.0,4.689473441,1.955510323
1969,Qatar,55943064814.0,7.927137935,3.272968941
1969,Saudi Arabia,4485777644.0,6.037886549,3.495860166
1969,Singapore,1659893768.0,13.83382512,-0.27305188
1969,Sri Lanka,1965546218.0,7.716819662,7.456952734
1969,Syrian Arab Republic,1796596911.0,18.76791521,-1.988636364
1969,Tajikistan,4407068380.0,2.500033543,11.18745334
1969,Thailand,6695336567.0,6.550659886,2.45039086
1969,Timor-Leste,1236354422.0,4.942936305,4.843521556
1969,Turkiye,19466666667.0,4.081145621,4.924193945
1969,United Arab Emirates,168800000000.0,4.638126216,2.080245139
1969,Uzbekistan,36471688434.0,4.420479188,12.17375952
1969,Viet Nam,115503000000.0,6.382217698,5.772232768
1969,"Yemen, Rep.",20874604448.0,1.861577367,17.49567681
1970,Afghanistan,1748886596.0,4.74796003,6.124619936
1970,Armenia,6898248878.0,3.515202551,126.8455368
1970,Azerbaijan,29420997153.0,4.000604339,108.1802041
1970,Bahrain,16101033255.0,3.808078596,1.628981278
1970,Bangladesh,8992722167.0,5.619852293,6.27939513
1970,Bhutan,925869512.9,6.832227605,7.284395103
1970,Brunei Darussalam,179078929.3,1.555753639,1.460945065
1970,Cambodia,718401157.7,5.600001174,4.398758198
1970,China,92602634892.0,19.3,4.773168146
1970,Cyprus,12913632679.0,4.88657026,2.40018825
1970,Georgia,9834973348.0,12.05211625,12.66676181
1970,India,62422483055.0,5.157229737,5.09226162
1970,Indonesia,9150684932.0,7.554634515,12.39946465
1970,"Iran, Islamic Rep.",10976245154.0,10.92760163,1.66687094
1970,Iraq,3281318687.0,4.544357067,4.355595265
1970,Israel,178264000000.0,5.254969835,6.110742036
1970,Japan,217224000000.0,2.454958384,6.924173835
1970,Jordan,639519744.2,4.65248636,5.899999999
1970,Kazakhstan,100142000000.0,2.88125,82.35942488
1970,"Korea, Rep.",9005144969.0,10.05273481,15.95034236
1970,Kuwait,2873638851.0,4.153980922,3.995213715
1970,Kyrgyz Republic,4463041023.0,2.192187936,10.20763482
1970,Lao PDR,6219585043.0,6.075047488,16.89769908
1970,Lebanon,25698059776.0,3.80501052,31.6503076
1970,Malaysia,3864145667.0,5.98653863,1.843935966
1970,Maldives,1714876941.0,5.991783374,4.888363683
1970,Mongolia,5442036507.0,4.519967418,21.93483208
1970,Myanmar,563555620.5,4.979330597,-4.008438818
1970,Nepal,865975307.8,2.575992127,15.23727845
1970,Oman,256319794.9,13.89509644,2.111150506
1970,Pakistan,10027509450.0,11.35346172,5.34984091
1970,Philippines,7559115517.0,3.692487487,14.38146168
1970,Qatar,301791301.8,7.927137935,3.272968941
1970,Saudi Arabia,5377268849.0,58.64733065,0.177777778
1970,Singapore,1920574150.0,13.942003,0.463352991
1970,Sri Lanka,2296470588.0,3.846629857,5.866956078
1970,Syrian Arab Republic,1780104712.0,-1.796852875,4.637681159
1970,Tajikistan,4407068380.0,2.500033543,11.18745334
1970,Thailand,7086538438.0,11.40794907,-0.088041086
1970,Timor-Leste,1236354422.0,4.942936305,4.843521556
1970,Turkiye,17863636364.0,3.233508973,7.923952083
1970,United Arab Emirates,168800000000.0,4.638126216,2.080245139
1970,Uzbekistan,36471688434.0,4.420479188,12.17375952
1970,Viet Nam,115503000000.0,6.382217698,5.772232768
1970,"Yemen, Rep.",20874604448.0,1.861577367,17.49567681
1971,Afghanistan,1831108971.0,4.74796003,6.124619936
1971,Armenia,6898248878.0,3.515202551,126.8455368
1971,Azerbaijan,29420997153.0,4.000604339,108.1802041
1971,Bahrain,16101033255.0,3.808078596,5.789473685
1971,Bangladesh,8751843188.0,-5.479483027,6.27939513
1971,Bhutan,925869512.9,6.832227605,7.284395103
1971,Brunei Darussalam,197525767.8,1.555753639,1.460945065
1971,Cambodia,969911421.4,5.600001174,4.398758198
1971,China,99800593791.0,7.059999999,4.773168146
1971,Cyprus,12913632679.0,4.88657026,4.144006128
1971,Georgia,9834973348.0,2.470936127,12.66676181
1971,India,67351404352.0,1.642930375,3.079938684
1971,Indonesia,9333536370.0,7.023997197,4.233748945
1971,"Iran, Islamic Rep.",13731802833.0,13.70158299,4.195298373
1971,Iraq,3865346535.0,5.374552534,3.595890411
1971,Israel,178264000000.0,5.254969835,11.97256816
1971,Japan,245364000000.0,4.698992042,6.395348837
1971,Jordan,678159728.7,4.65248636,4.815864024
1971,Kazakhstan,100142000000.0,2.88125,82.35942488
1971,"Korea, Rep.",9903571249.0,10.54551355,13.51170233
1971,Kuwait,3880392195.0,4.153980922,3.995213715
1971,Kyrgyz Republic,4463041023.0,2.192187936,10.20763482
1971,Lao PDR,6219585043.0,6.075047488,16.89769908
1971,Lebanon,25698059776.0,3.80501052,31.6503076
1971,Malaysia,4244395956.0,10.03466058,1.613035964
1971,Maldives,1714876941.0,5.991783374,4.888363683
1971,Mongolia,5442036507.0,4.519967418,21.93483208
1971,Myanmar,587448416.5,4.129962445,2.087912088
1971,Nepal,882765470.7,-1.195383302,-1.999503845
1971,Oman,301010587.1,0.898225087,2.111150506
1971,Pakistan,10665896682.0,0.468372549,4.730691482
1971,Philippines,8375075630.0,5.389008416,21.40334354
1971,Qatar,387703105.5,7.927137935,3.272968941
1971,Saudi Arabia,7184816838.0,20.51221675,4.475
1971,Singapore,2263785444.0,12.41343716,1.761006289
1971,Sri Lanka,2369308600.0,1.306905397,2.665380209
1971,Syrian Arab Republic,2097643979.0,8.955814563,5.609418283
1971,Tajikistan,4407068380.0,2.500033543,11.18745334
1971,Thailand,7375000024.0,4.89537376,0.484652665
1971,Timor-Leste,1236354422.0,4.942936305,4.843521556
1971,Turkiye,16166666667.0,5.566694501,19.01140868
1971,United Arab Emirates,168800000000.0,4.638126216,2.080245139
1971,Uzbekistan,36471688434.0,4.420479188,12.17375952
1971,Viet Nam,115503000000.0,6.382217698,5.772232768
1971,"Yemen, Rep.",20874604448.0,1.861577367,17.49567681
1972,Afghanistan,1595555476.0,4.74796003,6.124619936
1972,Armenia,6898248878.0,3.515202551,126.8455368
1972,Azerbaijan,29420997153.0,4.000604339,108.1802041
1972,Bahrain,16101033255.0,3.808078596,5.088195386
1972,Bangladesh,6288245867.0,-13.9737287,6.27939513
1972,Bhutan,925869512.9,6.832227605,7.284395103
1972,Brunei Darussalam,270822782.0,1.555753639,1.460945065
1972,Cambodia,505549441.4,5.600001174,4.398758198
1972,China,113689000000.0,3.81,4.773168146
1972,Cyprus,12913632679.0,4.88657026,4.832303619
1972,Georgia,9834973348.0,2.836873808,12.66676181
1972,India,71463193831.0,-0.553301305,6.442097462
1972,Indonesia,10997590361.0,7.037643208,6.521749213
1972,"Iran, Islamic Rep.",17153463263.0,14.49901585,6.398241351
1972,Iraq,4113848002.0,3.735303782,5.185950413
1972,Israel,178264000000.0,5.254969835,12.88147082
1972,Japan,324934000000.0,8.413547255,4.843517139
1972,Jordan,788479684.6,4.65248636,7.657657658
1972,Kazakhstan,100142000000.0,2.88125,82.35942488
1972,"Korea, Rep.",10862211761.0,7.214360722,11.68898668
1972,Kuwait,4450537925.0,4.153980922,3.995213715
1972,Kyrgyz Republic,4463041023.0,2.192187936,10.20763482
1972,Lao PDR,6219585043.0,6.075047488,16.89769908
1972,Lebanon,25698059776.0,3.80501052,31.6503076
1972,Malaysia,5043347250.0,9.388444991,3.231554224
1972,Maldives,1714876941.0,5.991783374,4.888363683
1972,Mongolia,5442036507.0,4.519967418,21.93483208
1972,Myanmar,662213096.3,2.435841373,7.64262648
1972,Nepal,1024098398.0,3.117800364,8.389023896
1972,Oman,366883548.3,9.82522417,2.111150506
1972,Pakistan,9415016360.0,0.813406405,5.183237645
1972,Philippines,9067815521.0,5.430387494,8.204034135
1972,Qatar,510262500.2,7.927137935,3.272968941
1972,Saudi Arabia,9664177517.0,22.93064025,4.331179708
1972,Singapore,2721440981.0,13.31556261,2.080758138
1972,Sri Lanka,2553936348.0,-0.410479911,6.34948605
1972,Syrian Arab Republic,2415706806.0,25.6607152,2.098360656
1972,Tajikistan,4407068380.0,2.500033543,11.18745334
1972,Thailand,8177873151.0,4.278508039,4.837766735
1972,Timor-Leste,1236354422.0,4.942936305,4.843521556
1972,Turkiye,20650000000.0,7.425788326,15.41645572
1972,United Arab Emirates,168800000000.0,4.638126216,2.080245139
1972,Uzbekistan,36471688434.0,4.420479188,12.17375952
1972,Viet Nam,115503000000.0,6.382217698,5.772232768
1972,"Yemen, Rep.",20874604448.0,1.861577367,17.49567681
1973,Afghanistan,1733333264.0,4.74796003,6.124619936
1973,Armenia,6898248878.0,3.515202551,126.8455368
1973,Azerbaijan,29420997153.0,4.000604339,108.1802041
1973,Bahrain,16101033255.0,3.808078596,14.33182698
1973,Bangladesh,8086725729.0,3.325680199,6.27939513
1973,Bhutan,925869512.9,6.832227605,7.284395103
1973,Brunei Darussalam,433095526.7,1.555753639,1.460945065
1973,Cambodia,702899156.0,5.600001174,4.398758198
1973,China,138543000000.0,7.760000001,4.773168146
1973,Cyprus,12913632679.0,4.88657026,7.808882341
1973,Georgia,9834973348.0,6.482761547,12.66676181
1973,India,85515269585.0,3.295521135,16.94081598
1973,Indonesia,16273253012.0,8.103975535,31.04188127
1973,"Iran, Islamic Rep.",27081698250.0,7.441681612,9.819486733
1973,Iraq,5134367778.0,4.418755569,4.89098409
1973,Israel,178264000000.0,5.254969835,20.0323771
1973,Japan,441461000000.0,8.032599975,11.60862355
1973,Jordan,943783839.7,4.65248636,11.12970711
1973,Kazakhstan,100142000000.0,2.88125,82.35942488
1973,"Korea, Rep.",13876472208.0,14.89832266,3.221029047
1973,Kuwait,5408804607.0,4.153980922,8.266666666
1973,Kyrgyz Republic,4463041023.0,2.192187936,10.20763482
1973,Lao PDR,6219585043.0,6.075047488,16.89769908
1973,Lebanon,25698059776.0,3.80501052,31.6503076
1973,Malaysia,7662902678.0,11.70108161,10.56017574
1973,Maldives,1714876941.0,5.991783374,4.888363683
1973,Mongolia,5442036507.0,4.519967418,21.93483208
1973,Myanmar,719754670.1,-0.968124718,25.2
1973,Nepal,972101725.0,-0.476536268,11.42977253
1973,Oman,483066990.6,-14.25205786,2.111150506
1973,Pakistan,6383429490.0,7.064263857,23.07008403
1973,Philippines,11412449735.0,8.782009122,16.58003226
1973,Qatar,793885560.0,7.927137935,3.272968941
1973,Saudi Arabia,14947535416.0,24.17052854,16.51376147
1973,Singapore,3696213333.0,10.60300302,19.63673058
1973,Sri Lanka,2875625000.0,7.057398935,9.626643102
1973,Syrian Arab Republic,2579219251.0,-10.46985494,20.35966602
1973,Tajikistan,4407068380.0,2.500033543,11.18745334
1973,Thailand,10838587358.0,10.23643301,15.5095497
1973,Timor-Leste,1236354422.0,4.942936305,4.843521556
1973,Turkiye,26000000000.0,3.262334518,13.93816524
1973,United Arab Emirates,168800000000.0,4.638126216,2.080245139
1973,Uzbekistan,36471688434.0,4.420479188,12.17375952
1973,Viet Nam,115503000000.0,6.382217698,5.772232768
1973,"Yemen, Rep.",20874604448.0,1.861577367,17.49567681
1974,Afghanistan,2155555498.0,4.74796003,6.124619936
1974,Armenia,6898248878.0,3.515202551,126.8455368
1974,Azerbaijan,29420997153.0,4.000604339,108.1802041
1974,Bahrain,16101033255.0,3.808078596,24.39299831
1974,Bangladesh,12512460520.0,9.5919563,6.27939513
1974,Bhutan,925869512.9,6.832227605,7.284395103
1974,Brunei Darussalam,1073591624.0,1.555753639,1.460945065
1974,Cambodia,588443893.7,5.600001174,4.398758198
1974,China,144189000000.0,2.310000003,4.773168146
1974,Cyprus,12913632679.0,4.88657026,16.17666667
1974,Georgia,9834973348.0,8.80829341,12.66676181
1974,India,99525899116.0,1.185336255,28.59873408
1974,Indonesia,25802409639.0,7.234243817,40.49179044
1974,"Iran, Islamic Rep.",46209092072.0,5.801050848,14.24893554
1974,Iraq,11516762614.0,16.11336734,7.7
1974,Israel,178264000000.0,5.254969835,39.67997045
1974,Japan,490036000000.0,-1.225239828,23.22224581
1974,Jordan,1197483949.0,4.65248636,19.42771084
1974,Kazakhstan,100142000000.0,2.88125,82.35942488
1974,"Korea, Rep.",19543973941.0,9.511835434,24.30419954
1974,Kuwait,13006948296.0,4.153980922,12.99261084
1974,Kyrgyz Republic,4463041023.0,2.192187936,10.20763482
1974,Lao PDR,6219585043.0,6.075047488,16.89769908
1974,Lebanon,25698059776.0,3.80501052,31.6503076
1974,Malaysia,9496204302.0,8.318661974,17.32898098
1974,Maldives,1714876941.0,5.991783374,4.888363683
1974,Mongolia,5442036507.0,4.519967418,21.93483208
1974,Myanmar,1225589878.0,5.342375689,25.21166134
1974,Nepal,1217953547.0,6.333590372,19.80633803
1974,Oman,1645917776.0,11.49880648,2.111150506
1974,Pakistan,8899191919.0,3.540191713,26.66303485
1974,Philippines,15607882555.0,3.394606379,34.16359164
1974,Qatar,2401403227.0,7.927137935,3.272968941
1974,Saudi Arabia,45412971909.0,16.22806527,21.43700787
1974,Singapore,5221534956.0,6.117404371,22.36842105
1974,Sri Lanka,3574586466.0,3.845830836,12.3028868
1974,Syrian Arab Republic,4244669785.0,25.79577285,15.52828175
1974,Tajikistan,4407068380.0,2.500033543,11.18745334
1974,Thailand,13702998512.0,4.466253386,24.31355983
1974,Timor-Leste,1236354422.0,4.942936305,4.843521556
1974,Turkiye,35414285714.0,5.594474403,23.89816158
1974,United Arab Emirates,168800000000.0,4.638126216,2.080245139
1974,Uzbekistan,36471688434.0,4.420479188,12.17375952
1974,Viet Nam,115503000000.0,6.382217698,5.772232768
1974,"Yemen, Rep.",20874604448.0,1.861577367,17.49567681
1975,Afghanistan,2366666616.0,4.74796003,6.124619936
1975,Armenia,6898248878.0,3.515202551,126.8455368
1975,Azerbaijan,29420997153.0,4.000604339,108.1802041
1975,Bahrain,16101033255.0,3.808078596,16.15978212
1975,Bangladesh,19448348073.0,-4.088214092,6.27939513
1975,Bhutan,925869512.9,6.832227605,7.284395103
1975,Brunei Darussalam,1168304306.0,0.355463068,1.460945065
1975,Cambodia,8072454717.0,5.600001174,4.398758198
1975,China,163430000000.0,8.719999998,4.773168146
1975,Cyprus,489914760.7,4.88657026,4.63948584
1975,Georgia,9834973348.0,7.380945301,12.66676181
1975,India,98472796457.0,9.149912016,5.748430298
1975,Indonesia,30463855422.0,5.607476636,19.16569713
1975,"Iran, Islamic Rep.",51776222350.0,-0.326216241,12.87918183
1975,Iraq,13458516763.0,12.49066468,9.517177344
1975,Israel,178264000000.0,5.254969835,39.30673102
1975,Japan,532861000000.0,3.091575916,11.73126615
1975,Jordan,1363073498.0,4.65248636,11.97982346
1975,Kazakhstan,100142000000.0,2.88125,82.35942488
1975,"Korea, Rep.",21784297521.0,7.839933338,25.24925641
1975,Kuwait,12022811621.0,4.153980922,8.392370572
1975,Kyrgyz Republic,4463041023.0,2.192187936,10.20763482
1975,Lao PDR,6219585043.0,6.075047488,16.89769908
1975,Lebanon,25698059776.0,3.80501052,31.6503076
1975,Malaysia,9298800799.0,0.801068092,4.487722269
1975,Maldives,1714876941.0,5.991783374,4.888363683
1975,Mongolia,5442036507.0,4.519967418,21.93483208
1975,Myanmar,1061107354.0,4.152709189,31.65566293
1975,Nepal,1575789254.0,1.456470709,7.585985214
1975,Oman,2096699189.0,24.43350274,2.111150506
1975,Pakistan,11230606061.0,4.211415631,20.90450946
1975,Philippines,16875240684.0,5.45110287,6.761402705
1975,Qatar,2512773166.0,7.927137935,3.272968941
1975,Saudi Arabia,46773144158.0,-8.928614314,34.57610634
1975,Singapore,5633673930.0,3.988738626,2.536531569
1975,Sri Lanka,3791298146.0,6.126233161,6.625992553
1975,Syrian Arab Republic,5566756757.0,16.35157606,11.46496815
1975,Tajikistan,4407068380.0,2.500033543,11.18745334
1975,Thailand,14882770594.0,4.970405228,5.330097087
1975,Timor-Leste,1236354422.0,4.942936305,4.843521556
1975,Turkiye,46042857143.0,7.17411269,21.22735524
1975,United Arab Emirates,14720728249.0,4.638126216,2.080245139
1975,Uzbekistan,36471688434.0,4.420479188,12.17375952
1975,Viet Nam,115503000000.0,6.382217698,5.772232768
1975,"Yemen, Rep.",20874604448.0,1.861577367,17.49567681
1976,Afghanistan,2555555567.0,4.74796003,6.124619936
1976,Armenia,6898248878.0,3.515202551,126.8455368
1976,Azerbaijan,29420997153.0,4.000604339,108.1802041
1976,Bahrain,16101033255.0,3.808078596,22.49576658
1976,Bangladesh,10117113333.0,5.661361201,6.27939513
1976,Bhutan,925869512.9,6.832227605,7.284395103
1976,Brunei Darussalam,1423037167.0,20.15539436,1.460945065
1976,Cambodia,8072454717.0,5.600001174,4.398758198
1976,China,153939000000.0,-1.570000002,4.773168146
1976,Cyprus,576090073.7,20.26629219,3.854389722
1976,Georgia,9834973348.0,6.097564233,12.66676181
1976,India,102717000000.0,1.663103638,-7.633947634
1976,Indonesia,37269156627.0,7.079646018,19.8286537
1976,"Iran, Islamic Rep.",68055295081.0,18.26043563,11.25614251
1976,Iraq,17754825601.0,17.17510373,12.82323018
1976,Israel,178264000000.0,5.254969835,31.31086533
1976,Japan,598884000000.0,3.974984091,9.374036386
1976,Jordan,1708521219.0,4.65248636,11.5
1976,Kazakhstan,100142000000.0,2.88125,82.35942488
1976,"Korea, Rep.",29902479339.0,13.2214478,15.32732052
1976,Kuwait,13132252802.0,4.153980922,5.235042735
1976,Kyrgyz Republic,4463041023.0,2.192187936,10.20763482
1976,Lao PDR,6219585043.0,6.075047488,16.89769908
1976,Lebanon,25698059776.0,3.80501052,31.6503076
1976,Malaysia,11050234599.0,11.56348978,2.633711507
1976,Maldives,1714876941.0,5.991783374,4.888363683
1976,Mongolia,5442036507.0,4.519967418,21.93483208
1976,Myanmar,1204699867.0,6.080396229,22.3844017
1976,Nepal,1452788944.0,4.398536178,-3.113235733
1976,Oman,2560220035.0,20.54012292,2.111150506
1976,Pakistan,13168080808.0,5.15618959,7.158323731
1976,Philippines,19381055197.0,8.778403331,9.199227136
1976,Qatar,3284273987.0,7.927137935,3.272968941
1976,Saudi Arabia,64005623870.0,17.8209742,31.55866056
1976,Singapore,6327077974.0,7.437166818,-1.841892982
1976,Sri Lanka,3591319857.0,3.335106692,1.329518681
1976,Syrian Arab Republic,6417632253.0,12.2544466,11.42857143
1976,Tajikistan,4407068380.0,2.500033543,11.18745334
1976,Thailand,16985208648.0,9.326811082,4.149305555
1976,Timor-Leste,1236354422.0,4.942936305,4.843521556
1976,Turkiye,51450000000.0,10.46117956,17.45568939
1976,United Arab Emirates,19213158779.0,16.52685651,2.080245139
1976,Uzbekistan,36471688434.0,4.420479188,12.17375952
1976,Viet Nam,115503000000.0,6.382217698,5.772232768
1976,"Yemen, Rep.",20874604448.0,1.861577367,17.49567681
1977,Afghanistan,2953333418.0,4.74796003,6.124619936
1977,Armenia,6898248878.0,3.515202551,126.8455368
1977,Azerbaijan,29420997153.0,4.000604339,108.1802041
1977,Bahrain,16101033255.0,3.808078596,17.73112089
1977,Bangladesh,9651149302.0,2.67305605,6.27939513
1977,Bhutan,925869512.9,6.832227605,7.284395103
1977,Brunei Darussalam,1732721161.0,10.91669706,1.460945065
1977,Cambodia,8072454717.0,5.600001174,4.398758198
1977,China,174936000000.0,7.570000001,4.773168146
1977,Cyprus,734887974.0,16.36200095,7.326460481
1977,Georgia,9834973348.0,6.896550159,12.66676181
1977,India,121487000000.0,7.254764588,8.307470092
1977,Indonesia,45808915663.0,8.26446281,11.05208979
1977,"Iran, Islamic Rep.",80600122702.0,-2.773577692,27.28778468
1977,Iraq,19838130715.0,1.899959393,9.16776254
1977,Israel,178264000000.0,5.254969835,34.61671487
1977,Japan,737069000000.0,4.39033795,8.161826896
1977,Jordan,2096778602.0,8.298408865,14.56651719
1977,Kazakhstan,100142000000.0,2.88125,82.35942488
1977,"Korea, Rep.",38446487603.0,12.3359822,10.09666533
1977,Kuwait,14137406741.0,4.153980922,9.889519259
1977,Kyrgyz Republic,4463041023.0,2.192187936,10.20763482
1977,Lao PDR,6219585043.0,6.075047488,16.89769908
1977,Lebanon,25698059776.0,3.80501052,31.6503076
1977,Malaysia,13139488633.0,7.75305838,4.788224014
1977,Maldives,1714876941.0,5.991783374,4.888363683
1977,Mongolia,5442036507.0,4.519967418,21.93483208
1977,Myanmar,873579940.5,5.952286611,-1.156687243
1977,Nepal,1382400000.0,3.016973442,9.898852843
1977,Oman,2741169948.0,1.007218329,2.111150506
1977,Pakistan,15126060606.0,3.947698287,10.13296769
1977,Philippines,22283109803.0,5.562970252,9.898751597
1977,Qatar,3617564638.0,7.927137935,3.272968941
1977,Saudi Arabia,74189100114.0,7.093359899,11.39901117
1977,Singapore,6618585074.0,6.852442394,3.163950144
1977,Sri Lanka,4104509583.0,5.100590264,1.224879588
1977,Syrian Arab Republic,6882292994.0,-1.799517878,11.96581197
1977,Tajikistan,4407068380.0,2.500033543,11.18745334
1977,Thailand,19779312261.0,9.843463235,7.601266878
1977,Timor-Leste,1236354422.0,4.942936305,4.843521556
1977,Turkiye,58683333333.0,3.406669804,25.98533787
1977,United Arab Emirates,24871775165.0,21.43933017,2.080245139
1977,Uzbekistan,36471688434.0,4.420479188,12.17375952
1977,Viet Nam,115503000000.0,6.382217698,5.772232768
1977,"Yemen, Rep.",20874604448.0,1.861577367,17.49567681
1978,Afghanistan,3300000109.0,4.74796003,6.124619936
1978,Armenia,6898248878.0,3.515202551,126.8455368
1978,Azerbaijan,29420997153.0,4.000604339,108.1802041
1978,Bahrain,16101033255.0,3.808078596,15.78553759
1978,Bangladesh,13281767143.0,7.073837733,6.27939513
1978,Bhutan,925869512.9,6.832227605,7.284395103
1978,Brunei Darussalam,1941579358.0,6.775834422,1.460945065
1978,Cambodia,8072454717.0,5.600001174,4.398758198
1978,China,218502000000.0,11.32597799,4.773168146
1978,Cyprus,964026512.2,7.777403361,7.436283299
1978,Georgia,9834973348.0,7.429127694,12.66676181
1978,India,137300000000.0,5.712532089,2.523048757
1978,Indonesia,51455719076.0,6.870229008,8.112582595
1978,"Iran, Islamic Rep.",77994316621.0,-12.84085667,11.7219692
1978,Iraq,23762275652.0,17.05696467,4.611942867
1978,Israel,178264000000.0,5.254969835,50.55092465
1978,Japan,1035610000000.0,5.271941503,4.209566011
1978,Jordan,2602208589.0,14.67956601,6.9215213
1978,Kazakhstan,100142000000.0,2.88125,82.35942488
1978,"Korea, Rep.",51972107438.0,10.9529857,14.46028502
1978,Kuwait,15503557496.0,4.153980922,8.689745123
1978,Kyrgyz Republic,4463041023.0,2.192187936,10.20763482
1978,Lao PDR,6219585043.0,6.075047488,16.89769908
1978,Lebanon,25698059776.0,3.80501052,31.6503076
1978,Malaysia,16358079862.0,6.653892215,4.860064586
1978,Maldives,1714876941.0,5.991783374,4.888363683
1978,Mongolia,5442036507.0,4.519967418,21.93483208
1978,Myanmar,935408765.8,6.517817023,-6.044706126
1978,Nepal,1604162497.0,4.405741389,7.346091251
1978,Oman,2740301390.0,-3.69353109,2.111150506
1978,Pakistan,17811515152.0,8.048533619,6.138692667
1978,Philippines,25762224563.0,5.19238453,7.334525939
1978,Qatar,4052000413.0,7.927137935,3.272968941
1978,Saudi Arabia,80266629496.0,-5.219726067,-1.58360185
1978,Singapore,7517176355.0,7.777181954,4.872543813
1978,Sri Lanka,2733183857.0,5.653836858,12.14159728
1978,Syrian Arab Republic,8251974522.0,9.942590124,4.809160305
1978,Tajikistan,4407068380.0,2.500033543,11.18745334
1978,Thailand,24006566637.0,10.29574653,7.924089853
1978,Timor-Leste,1236354422.0,4.942936305,4.843521556
1978,Turkiye,65912500000.0,1.502933011,61.89704444
1978,United Arab Emirates,23775764225.0,-1.58960332,2.080245139
1978,Uzbekistan,36471688434.0,4.420479188,12.17375952
1978,Viet Nam,115503000000.0,6.382217698,5.772232768
1978,"Yemen, Rep.",20874604448.0,1.861577367,17.49567681
1979,Afghanistan,3697940410.0,4.74796003,6.124619936
1979,Armenia,6898248878.0,3.515202551,126.8455368
1979,Azerbaijan,29420997153.0,4.000604339,108.1802041
1979,Bahrain,16101033255.0,3.808078596,2.205991951
1979,Bangladesh,15565480322.0,4.801634601,6.27939513
1979,Bhutan,925869512.9,6.832227605,7.284395103
1979,Brunei Darussalam,2803834158.0,22.56242876,1.460945065
1979,Cambodia,8072454717.0,5.600001174,4.398758198
1979,China,263712000000.0,7.59132468,4.773168146
1979,Cyprus,1288715210.0,9.905569382,9.463708295
1979,Georgia,9834973348.0,7.370346069,12.66676181
1979,India,152992000000.0,-5.238182704,6.275683368
1979,Indonesia,51400186343.0,7.142857143,16.23276576
1979,"Iran, Islamic Rep.",90391877326.0,-12.02076025,10.48723673
1979,Iraq,37816457839.0,20.86925543,32.55338283
1979,Israel,178264000000.0,5.254969835,78.31003559
1979,Japan,1077910000000.0,5.484041832,3.701850925
1979,Jordan,3271368781.0,20.80290927,14.24649176
1979,Kazakhstan,100142000000.0,2.88125,82.35942488
1979,"Korea, Rep.",66946900826.0,8.671226707,18.32349634
1979,Kuwait,24749063922.0,4.153980922,7.049999999
1979,Kyrgyz Republic,4463041023.0,2.192187936,10.20763482
1979,Lao PDR,6219585043.0,6.075047488,16.89769908
1979,Lebanon,25698059776.0,3.80501052,31.6503076
1979,Malaysia,21213264962.0,9.349099931,3.654467998
1979,Maldives,1714876941.0,5.991783374,4.888363683
1979,Mongolia,5442036507.0,4.519967418,21.93483208
1979,Myanmar,952265052.0,5.201277481,5.672295029
1979,Nepal,1851250008.0,2.368877795,3.565453785
1979,Oman,3733352635.0,4.33174154,2.111150506
1979,Pakistan,19688383838.0,3.758435569,8.267046976
1979,Philippines,31218296292.0,5.595571076,17.53333333
1979,Qatar,5632962997.0,7.927137935,3.272968941
1979,Saudi Arabia,111858000000.0,11.91943156,1.081566903
1979,Singapore,9296921724.0,9.55444874,4.076465375
1979,Sri Lanka,3364611432.0,6.403556926,10.73192143
1979,Syrian Arab Republic,9929681529.0,0.887988823,4.552075747
1979,Tajikistan,4407068380.0,2.500033543,11.18745334
1979,Thailand,27371650825.0,5.371766513,9.897365966
1979,Timor-Leste,1236354422.0,4.942936305,4.843521556
1979,Turkiye,89616129032.0,-0.62411357,63.54310825
1979,United Arab Emirates,31225659621.0,20.92357308,2.080245139
1979,Uzbekistan,36471688434.0,4.420479188,12.17375952
1979,Viet Nam,115503000000.0,6.382217698,5.772232768
1979,"Yemen, Rep.",20874604448.0,1.861577367,17.49567681
1980,Afghanistan,3641723322.0,4.74796003,6.124619936
1980,Armenia,6898248878.0,3.515202551,126.8455368
1980,Azerbaijan,29420997153.0,4.000604339,108.1802041
1980,Bahrain,3072698328.0,3.808078596,3.869525059
1980,Bangladesh,18138049096.0,0.819141869,6.27939513
1980,Bhutan,128669200.9,6.832227605,7.284395103
1980,Brunei Darussalam,4928806543.0,-6.996702984,1.460945065
1980,Cambodia,8072454717.0,5.600001174,4.398758198
1980,China,306165000000.0,7.834145016,4.773168146
1980,Cyprus,2154311277.0,5.753244702,13.51756058
1980,Georgia,9834973348.0,4.576266276,12.66676181
1980,India,186325000000.0,6.735821529,11.34607348
1980,Indonesia,72482337397.0,10.0,18.03543016
1980,"Iran, Islamic Rep.",94362275580.0,-21.59964935,20.64391444
1980,Iraq,52569000000.0,24.75372685,32.55338283
1980,Israel,178264000000.0,5.254969835,131.0249955
1980,Japan,1129380000000.0,2.817591208,7.778581766
1980,Jordan,3910044474.0,11.18484646,11.11111111
1980,Kazakhstan,100142000000.0,2.88125,82.35942488
1980,"Korea, Rep.",65398377598.0,-1.64568764,28.69760864
1980,Kuwait,28638868356.0,4.153980922,6.928226686
1980,Kyrgyz Republic,4463041023.0,2.192187936,10.20763482
1980,Lao PDR,6219585043.0,6.075047488,16.89769908
1980,Lebanon,25698059776.0,3.80501052,31.6503076
1980,Malaysia,24488224677.0,7.441826779,6.674919535
1980,Maldives,42463576.16,5.991783374,4.888363683
1980,Mongolia,5442036507.0,4.519967418,21.93483208
1980,Myanmar,1038225167.0,7.938538081,0.608153084
1980,Nepal,1945916583.0,-2.319394205,14.68450278
1980,Oman,5981760278.0,6.035444116,2.111150506
1980,Pakistan,23654444444.0,10.21570404,11.93823091
1980,Philippines,36848080899.0,5.200711079,18.20051049
1980,Qatar,7829165262.0,7.927137935,6.799999999
1980,Saudi Arabia,164540000000.0,5.652457601,4.169266554
1980,Singapore,11896256783.0,10.11337211,8.526943194
1980,Sri Lanka,4024621900.0,5.846026516,26.1454101
1980,Syrian Arab Republic,13062420382.0,14.50811695,19.2964124
1980,Tajikistan,4407068380.0,2.500033543,11.18745334
1980,Thailand,32353514989.0,5.173541006,19.70350052
1980,Timor-Leste,1236354422.0,4.942936305,4.843521556
1980,Turkiye,68823684211.0,-2.447350426,94.26085988
1980,United Arab Emirates,43599160050.0,23.87477491,2.080245139
1980,Uzbekistan,36471688434.0,4.420479188,12.17375952
1980,Viet Nam,115503000000.0,6.382217698,5.772232768
1980,"Yemen, Rep.",20874604448.0,1.861577367,17.49567681
1981,Afghanistan,3478787909.0,4.74796003,6.124619936
1981,Armenia,6898248878.0,3.515202551,126.8455368
1981,Azerbaijan,29420997153.0,4.000604339,108.1802041
1981,Bahrain,3467819149.0,-5.316697353,11.34459681
1981,Bangladesh,20249694002.0,7.233943695,6.27939513
1981,Bhutan,139174178.1,15.12229484,9.972375691
1981,Brunei Darussalam,4366230383.0,-19.82671586,9.137055838
1981,Cambodia,8072454717.0,5.600001174,4.398758198
1981,China,289577000000.0,5.112761091,4.773168146
1981,Cyprus,2087496374.0,2.516998441,10.74469361
1981,Georgia,9834973348.0,5.267423656,12.66676181
1981,India,193491000000.0,6.006203626,13.1125469
1981,Indonesia,85518233419.0,7.878787879,12.26590851
1981,"Iran, Islamic Rep.",100499000000.0,-5.696787233,24.20358976
1981,Iraq,37823000000.0,-0.728727508,32.55338283
1981,Israel,178264000000.0,5.254969835,116.8000344
1981,Japan,1245220000000.0,4.260624493,4.912162918
1981,Jordan,4383944703.0,17.17871742,7.7
1981,Kazakhstan,100142000000.0,2.88125,82.35942488
1981,"Korea, Rep.",72933533012.0,7.246176285,21.35164025
1981,Kuwait,25058020338.0,4.153980922,7.374781596
1981,Kyrgyz Republic,4463041023.0,2.192187936,10.20763482
1981,Lao PDR,6219585043.0,6.075047488,16.89769908
1981,Lebanon,25698059776.0,3.80501052,31.6503076
1981,Malaysia,25004285792.0,6.942104201,9.7
1981,Maldives,44781456.95,5.991783374,4.888363683
1981,Mongolia,2310099100.0,4.519967418,21.93483208
1981,Myanmar,1111000756.0,6.355754592,0.318444733
1981,Nepal,2275583317.0,8.341974135,11.14485673
1981,Oman,7259120151.0,17.04707839,2.111150506
1981,Pakistan,28100606061.0,7.920763572,11.87991359
1981,Philippines,40499388869.0,3.422208738,13.08259852
1981,Qatar,8661263764.0,7.927137935,8.520599251
1981,Saudi Arabia,184291000000.0,1.943004458,2.798982188
1981,Singapore,14175228844.0,10.8159233,8.182021968
1981,Sri Lanka,4415844156.0,5.699524767,17.9689955
1981,Syrian Arab Republic,16758471338.0,7.755343865,18.39416058
1981,Tajikistan,4407068380.0,2.500033543,11.18745334
1981,Thailand,34846039194.0,5.906867763,12.66299307
1981,Timor-Leste,1236354422.0,4.942936305,4.843521556
1981,Turkiye,71180180180.0,4.856648767,37.61478258
1981,United Arab Emirates,49333424135.0,4.659176674,2.080245139
1981,Uzbekistan,36471688434.0,4.420479188,12.17375952
1981,Viet Nam,115503000000.0,6.382217698,5.772232768
1981,"Yemen, Rep.",20874604448.0,1.861577367,17.49567681
1982,Afghanistan,7652785670.0,4.74796003,6.124619936
1982,Armenia,6898248878.0,3.515202551,126.8455368
1982,Azerbaijan,29420997153.0,4.000604339,108.1802041
1982,Bahrain,3645744681.0,-7.556217712,8.885713085
1982,Bangladesh,18525399202.0,2.134327836,6.27939513
1982,Bhutan,141439317.4,3.439773849,9.846772168
1982,Brunei Darussalam,4264202521.0,3.956654938,6.356589147
1982,Cambodia,8072454717.0,5.600001174,4.398758198
1982,China,283929000000.0,9.017113914,4.773168146
1982,Cyprus,2159242417.0,6.021708985,6.432797267
1982,Georgia,9834973348.0,2.001538542,12.66676181
1982,India,200716000000.0,3.47573324,7.890742794
1982,Indonesia,90158449295.0,2.247191011,9.445423954
1982,"Iran, Islamic Rep.",125949000000.0,23.17124554,18.68972593
1982,Iraq,42382333333.0,3.43397803,32.55338283
1982,Israel,178264000000.0,5.254969835,120.3643514
1982,Japan,1158730000000.0,3.279742743,2.741040956
1982,Jordan,4681240993.0,7.025943389,7.428040854
1982,Kazakhstan,100142000000.0,2.88125,82.35942488
1982,"Korea, Rep.",78358416171.0,8.338078087,7.19084664
1982,Kuwait,21577153356.0,4.153980922,7.776798427
1982,Kyrgyz Republic,4463041023.0,2.192187936,10.20763482
1982,Lao PDR,6219585043.0,6.075047488,16.89769908
1982,Lebanon,25698059776.0,3.80501052,31.6503076
1982,Malaysia,26804493635.0,5.943152458,5.81890003
1982,Maldives,47911340.18,5.991783374,4.888363683
1982,Mongolia,2552401933.0,8.342136115,21.93483208
1982,Myanmar,1481165483.0,5.603876426,5.304740405
1982,Nepal,2395423680.0,3.779374654,11.69854659
1982,Oman,7554719456.0,11.5698374,2.111150506
1982,Pakistan,30725971564.0,6.5374868,5.903528784
1982,Philippines,42206011275.0,3.698406099,10.22172714
1982,Qatar,7596703214.0,7.927137935,5.7
1982,Saudi Arabia,153240000000.0,-20.72988831,1.021039604
1982,Singapore,16084252378.0,7.102144849,3.91628678
1982,Sri Lanka,4768765017.0,4.141495702,10.82574917
1982,Syrian Arab Republic,17525605096.0,2.789086648,14.30332922
1982,Tajikistan,4407068380.0,2.500033543,11.18745334
1982,Thailand,36589772404.0,5.352348751,5.259079903
1982,Timor-Leste,1236354422.0,4.942936305,4.843521556
1982,Turkiye,64369325153.0,3.563227812,29.1375145
1982,United Arab Emirates,46622718605.0,-6.719316186,2.080245139
1982,Uzbekistan,36471688434.0,4.420479188,12.17375952
1982,Viet Nam,115503000000.0,6.382217698,5.772232768
1982,"Yemen, Rep.",20874604448.0,1.861577367,17.49567681
1983,Afghanistan,7652785670.0,4.74796003,6.124619936
1983,Armenia,6898248878.0,3.515202551,126.8455368
1983,Azerbaijan,29420997153.0,4.000604339,108.1802041
1983,Bahrain,3735106383.0,6.3763768,2.972399151
1983,Bangladesh,17609048822.0,3.8810464,6.27939513
1983,Bhutan,156704289.9,10.43101594,18.05777879
1983,Brunei Darussalam,3844632167.0,0.501465966,1.166180758
1983,Cambodia,8072454717.0,5.600001174,4.398758198
1983,China,304749000000.0,10.77020251,4.773168146
1983,Cyprus,2160364071.0,5.582181702,5.049714241
1983,Georgia,9834973348.0,4.301886845,12.66676181
1983,India,218262000000.0,7.288892903,11.8680813
1983,Indonesia,81052283384.0,4.395604396,11.79974052
1983,"Iran, Islamic Rep.",156365000000.0,11.08671685,19.74018918
1983,Iraq,40712903226.0,-13.0733124,32.55338283
1983,Israel,178264000000.0,5.254969835,145.9515392
1983,Japan,1270860000000.0,3.630198572,1.899719713
1983,Jordan,4920692191.0,-2.219738555,5.020167098
1983,Kazakhstan,100142000000.0,2.88125,82.35942488
1983,"Korea, Rep.",87760553262.0,13.37617449,3.420614195
1983,Kuwait,20871081080.0,4.153980922,4.718168093
1983,Kyrgyz Republic,4463041023.0,2.192187936,10.20763482
1983,Lao PDR,6219585043.0,6.075047488,16.89769908
1983,Lebanon,25698059776.0,3.80501052,31.6503076
1983,Malaysia,30347442111.0,6.252230811,3.704235463
1983,Maldives,57829787.23,5.991783374,4.888363683
1983,Mongolia,2725736633.0,5.834037954,21.93483208
1983,Myanmar,1381573615.0,4.39109268,5.650083363
1983,Nepal,2447174804.0,-2.977405857,12.37723808
1983,Oman,7932541691.0,16.66667073,2.111150506
1983,Pakistan,28691889764.0,6.778378339,6.3620335
1983,Philippines,37759179895.0,1.89695179,10.02935656
1983,Qatar,6467582308.0,7.927137935,2.743614001
1983,Saudi Arabia,129172000000.0,-16.05138621,0.191424196
1983,Singapore,17784112150.0,8.554482106,1.196410768
1983,Sri Lanka,5167913302.0,4.81399097,13.96438801
1983,Syrian Arab Republic,18672866242.0,2.320339937,6.127292341
1983,Tajikistan,4407068380.0,2.500033543,11.18745334
1983,Thailand,40042798388.0,5.584202469,3.726536621
1983,Timor-Leste,1236354422.0,4.942936305,4.843521556
1983,Turkiye,61803555556.0,4.971080777,31.39027102
1983,United Arab Emirates,42803323345.0,-4.7458207,2.080245139
1983,Uzbekistan,36471688434.0,4.420479188,12.17375952
1983,Viet Nam,115503000000.0,6.382217698,5.772232768
1983,"Yemen, Rep.",20874604448.0,1.861577367,17.49567681
1984,Afghanistan,7652785670.0,4.74796003,6.124619936
1984,Armenia,6898248878.0,3.515202551,126.8455368
1984,Azerbaijan,29420997153.0,4.000604339,108.1802041
1984,Bahrain,3905585106.0,5.003646045,0.32239925
1984,Bangladesh,18920840000.0,4.803310015,6.27939513
1984,Bhutan,160423494.0,4.556658989,7.037706612
1984,Brunei Darussalam,3782553234.0,0.599876542,3.073967339
1984,Cambodia,8072454717.0,5.600001174,4.398758198
1984,China,313729000000.0,15.19154002,4.773168146
1984,Cyprus,2278248953.0,8.757894383,5.99195111
1984,Georgia,9834973348.0,5.426922969,12.66676181
1984,India,212158000000.0,3.820737856,8.318907119
1984,Indonesia,84853700028.0,6.842105263,10.45503482
1984,"Iran, Islamic Rep.",162277000000.0,-7.139850499,12.54021945
1984,Iraq,46938387097.0,-1.485241697,32.55338283
1984,Israel,178264000000.0,5.254969835,373.2156531
1984,Japan,1345820000000.0,4.410880154,2.261613692
1984,Jordan,4967162160.0,4.291687767,3.847472738
1984,Kazakhstan,100142000000.0,2.88125,82.35942488
1984,"Korea, Rep.",97510744119.0,10.55164035,2.2739564
1984,Kuwait,21700082753.0,4.153980922,1.17746005
1984,Kyrgyz Republic,4463041023.0,2.192187936,10.20763482
1984,Lao PDR,1757142856.0,6.075047488,16.89769908
1984,Lebanon,25698059776.0,3.80501052,31.6503076
1984,Malaysia,33942897422.0,7.761790122,3.897272601
1984,Maldives,109503546.1,5.991783374,4.888363683
1984,Mongolia,2098734600.0,5.933419453,21.93483208
1984,Myanmar,1304063253.0,4.932728026,4.846311548
1984,Nepal,2581207388.0,9.681130016,2.845784957
1984,Oman,8821443151.0,16.71159399,2.111150506
1984,Pakistan,31151825467.0,5.065205605,6.087166736
1984,Philippines,35730185634.0,-7.039378201,50.33897564
1984,Qatar,6704395824.0,7.927137935,1.104972376
1984,Saudi Arabia,119625000000.0,-4.661451926,-1.559037065
1984,Singapore,19749361098.0,8.792286239,2.600985222
1984,Sri Lanka,6043474843.0,5.099146558,16.63825375
1984,Syrian Arab Republic,19195414013.0,-7.610630212,9.229518195
1984,Tajikistan,4407068380.0,2.500033543,11.18745334
1984,Thailand,41797647776.0,5.752430251,0.86489843
1984,Timor-Leste,1236354422.0,4.942936305,4.843521556
1984,Turkiye,59937602180.0,6.712015712,48.39232313
1984,United Arab Emirates,41807954236.0,4.01695128,2.080245139
1984,Uzbekistan,36471688434.0,4.420479188,12.17375952
1984,Viet Nam,115503000000.0,6.382217698,5.772232768
1984,"Yemen, Rep.",20874604448.0,1.861577367,17.49567681
1985,Afghanistan,7652785670.0,4.74796003,6.124619936
1985,Armenia,6898248878.0,3.515202551,126.8455368
1985,Azerbaijan,29420997153.0,4.000604339,108.1802041
1985,Bahrain,3651861702.0,-4.758268538,-2.635969303
1985,Bangladesh,22278423077.0,3.342014654,6.27939513
1985,Bhutan,163288815.3,4.028533,1.882012305
1985,Brunei Darussalam,3523532486.0,-1.49074908,2.353215284
1985,Cambodia,8072454717.0,5.600001174,4.398758198
1985,China,309836000000.0,13.43067752,4.773168146
1985,Cyprus,2430411900.0,4.882540773,5.034453664
1985,Georgia,9834973348.0,4.94165542,12.66676181
1985,India,232512000000.0,5.254299223,5.556424232
1985,Indonesia,85289488375.0,2.463054187,4.724536157
1985,"Iran, Islamic Rep.",180184000000.0,1.867649933,4.389340957
1985,Iraq,48425161290.0,1.453896262,32.55338283
1985,Israel,178264000000.0,5.254969835,309.9316992
1985,Japan,1427020000000.0,5.159807905,2.032277346
1985,Jordan,4993601520.0,-2.706947165,2.985074627
1985,Kazakhstan,100142000000.0,2.88125,82.35942488
1985,"Korea, Rep.",101296000000.0,7.838864022,2.459108792
1985,Kuwait,21445970614.0,4.153980922,1.490321814
1985,Kyrgyz Republic,4463041023.0,2.192187936,10.20763482
1985,Lao PDR,2366666616.0,5.069963947,16.89769908
1985,Lebanon,25698059776.0,3.80501052,31.6503076
1985,Malaysia,31199633353.0,-1.025250253,0.346458791
1985,Maldives,127190758.0,5.991783374,4.888363683
1985,Mongolia,2186505475.0,5.712872261,21.93483208
1985,Myanmar,1478908160.0,2.851000239,6.807566558
1985,Nepal,2619913956.0,6.144905237,8.052641266
1985,Oman,10005645420.0,14.00719711,2.111150506
1985,Pakistan,31144920844.0,7.592114699,5.614839218
1985,Philippines,34961486348.0,-6.858377209,23.10310718
1985,Qatar,6153296456.0,7.927137935,1.912568307
1985,Saudi Arabia,103898000000.0,-9.794502265,-3.058768729
1985,Singapore,19156532746.0,-0.62270165,0.480122911
1985,Sri Lanka,5978460972.0,4.999406369,1.481180122
1985,Syrian Arab Republic,21203821656.0,9.350807332,17.25293132
1985,Tajikistan,4407068380.0,2.500033543,11.18745334
1985,Thailand,38900711333.0,4.647240357,2.431731234
1985,Timor-Leste,1236354422.0,4.942936305,4.843521556
1985,Turkiye,67232758621.0,4.241335716,44.96173015
1985,United Arab Emirates,40603650232.0,-3.594476517,2.080245139
1985,Uzbekistan,36471688434.0,4.420479188,12.17375952
1985,Viet Nam,14094687821.0,3.805855668,5.772232768
1985,"Yemen, Rep.",20874604448.0,1.861577367,17.49567681
1986,Afghanistan,7652785670.0,4.74796003,6.124619936
1986,Armenia,6898248878.0,3.515202551,126.8455368
1986,Azerbaijan,29420997153.0,4.000604339,108.1802041
1986,Bahrain,3052393617.0,1.182993916,-2.296093214
1986,Bangladesh,21774033333.0,4.173382559,6.27939513
1986,Bhutan,191218115.5,11.3921976,9.964476021
1986,Brunei Darussalam,2358574403.0,-2.715469953,1.781242886
1986,Cambodia,8072454717.0,5.600001174,4.398758198
1986,China,300514000000.0,8.949961764,4.773168146
1986,Cyprus,3090734463.0,3.703950289,1.21836926
1986,Georgia,9834973348.0,-8.175275891,12.66676181
1986,India,248986000000.0,4.776564168,8.729720727
1986,Indonesia,79954072545.0,5.769230769,5.822666962
1986,"Iran, Islamic Rep.",209095000000.0,-9.784905578,18.42900302
1986,Iraq,47264516129.0,4.647590574,32.55338283
1986,Israel,178264000000.0,5.254969835,47.88851351
1986,Japan,2120080000000.0,3.294047613,0.595586799
1986,Jordan,6402050485.0,5.504634251,5.772380507
1986,Kazakhstan,100142000000.0,2.88125,82.35942488
1986,"Korea, Rep.",116836000000.0,11.3272612,2.749980961
1986,Kuwait,17903989745.0,4.153980922,0.95360674
1986,Kyrgyz Republic,4463041023.0,2.192187936,10.20763482
1986,Lao PDR,1776842097.0,4.885133263,16.89769908
1986,Lebanon,25698059776.0,3.80501052,31.6503076
1986,Malaysia,27734111400.0,1.240594928,0.737002855
1986,Maldives,141882254.2,5.991783374,9.722193277
1986,Mongolia,2896178867.0,9.374994513,21.93483208
1986,Myanmar,1582873764.0,-1.057348757,9.3254619
1986,Nepal,2850782093.0,4.565650546,18.99894955
1986,Oman,7324167369.0,2.002159783,2.111150506
1986,Pakistan,31899070056.0,5.501653664,3.506414248
1986,Philippines,33987207295.0,3.51068403,1.148137777
1986,Qatar,5053021951.0,7.927137935,0.757575758
1986,Saudi Arabia,86962013011.0,17.01274626,-3.203331465
1986,Singapore,18586746057.0,1.342810414,-1.385703364
1986,Sri Lanka,6405210564.0,4.355546917,7.976361936
1986,Syrian Arab Republic,25460636943.0,-7.952928955,36.06349206
1986,Tajikistan,4407068380.0,3.499999873,11.18745334
1986,Thailand,43096773981.0,5.533827767,1.841675968
1986,Timor-Leste,1236354422.0,4.942936305,4.843521556
1986,Turkiye,75673037037.0,7.012031111,34.61007597
1986,United Arab Emirates,33943612095.0,-14.95813656,2.080245139
1986,Uzbekistan,36471688434.0,4.420479188,12.17375952
1986,Viet Nam,26336616250.0,2.789291575,5.772232768
1986,"Yemen, Rep.",20874604448.0,1.861577367,17.49567681
1987,Afghanistan,7652785670.0,4.74796003,6.124619936
1987,Armenia,6898248878.0,3.515202551,126.8455368
1987,Azerbaijan,29420997153.0,4.000604339,108.1802041
1987,Bahrain,3392021011.0,10.39900933,-1.745001754
1987,Bangladesh,24298032258.0,3.772401853,9.874696091
1987,Bhutan,242742766.4,29.05432385,6.331771927
1987,Brunei Darussalam,2754485672.0,2.009129814,1.246854906
1987,Cambodia,8072454717.0,5.600001174,4.398758198
1987,China,327089000000.0,11.65742779,7.233835531
1987,Cyprus,3704813886.0,7.065250813,2.791666667
1987,Georgia,9834973348.0,1.282042846,12.66676181
1987,India,279034000000.0,3.965355635,8.801125813
1987,Indonesia,75929617558.0,5.0,9.278656132
1987,"Iran, Islamic Rep.",134010000000.0,-0.172107688,28.57142857
1987,Iraq,56774193548.0,9.305281393,32.55338283
1987,Israel,178264000000.0,5.254969835,19.07481439
1987,Japan,2580750000000.0,4.648861398,0.126176842
1987,Jordan,6756209762.0,2.323274371,-0.2
1987,Kazakhstan,100142000000.0,2.88125,82.35942488
1987,"Korea, Rep.",147949000000.0,12.72369212,3.049660771
1987,Kuwait,22368704134.0,4.153980922,0.654844692
1987,Kyrgyz Republic,4463041023.0,3.299968372,10.20763482
1987,Lao PDR,1087273104.0,-1.425792383,16.89769908
1987,Lebanon,25698059776.0,3.80501052,31.6503076
1987,Malaysia,32181210158.0,5.191932113,0.290007909
1987,Maldives,141223029.4,5.991783374,9.704072329
1987,Mongolia,3020611600.0,3.458648471,21.93483208
1987,Myanmar,1562448083.0,-4.005631786,24.76
1987,Nepal,2957255380.0,1.695618266,10.75032804
1987,Oman,7811183095.0,-3.440784167,2.111150506
1987,Pakistan,33351529275.0,6.452343025,4.681218546
1987,Philippines,37791488666.0,4.361809673,4.069767442
1987,Qatar,5446428681.0,7.927137935,2.68528464
1987,Saudi Arabia,85695941760.0,-6.632496015,-1.547116737
1987,Singapore,20919215578.0,10.79793247,0.523306522
1987,Sri Lanka,6682167120.0,1.725610693,7.717165606
1987,Syrian Arab Republic,32538089172.0,1.682282346,59.48436771
1987,Tajikistan,4407068380.0,-1.200000045,11.18745334
1987,Thailand,50535446555.0,9.518946022,2.466461128
1987,Timor-Leste,1236354422.0,4.942936305,4.843521556
1987,Turkiye,87190081680.0,9.485538842,38.85584348
1987,United Arab Emirates,36384908744.0,3.381981709,2.080245139
1987,Uzbekistan,36471688434.0,4.420479188,12.17375952
1987,Viet Nam,36658108850.0,3.583469631,5.772232768
1987,"Yemen, Rep.",20874604448.0,1.861577367,17.49567681
1988,Afghanistan,7652785670.0,4.74796003,6.124619936
1988,Armenia,6898248878.0,3.515202551,126.8455368
1988,Azerbaijan,29420997153.0,4.000604339,108.1802041
1988,Bahrain,3702393617.0,6.999991649,0.303435966
1988,Bangladesh,26579005558.0,2.416256856,7.412765957
1988,Bhutan,272298066.5,4.767373021,10.09671376
1988,Brunei Darussalam,2690684125.0,1.097367166,1.192842942
1988,Cambodia,8072454717.0,5.600001174,4.398758198
1988,China,407845000000.0,11.22259498,18.81181794
1988,Cyprus,4278792597.0,8.646777844,3.429266315
1988,Georgia,9834973348.0,5.55555808,12.66676181
1988,India,296590000000.0,9.627782916,9.383471862
1988,Indonesia,84300174486.0,5.627705628,8.045367151
1988,"Iran, Islamic Rep.",123058000000.0,-6.08199662,28.67063492
1988,Iraq,62684516129.0,-0.019036937,32.55338283
1988,Israel,178264000000.0,5.254969835,16.4028777
1988,Japan,3125720000000.0,6.661636522,0.67855758
1988,Jordan,6277451829.0,1.462169823,6.613226453
1988,Kazakhstan,100142000000.0,2.88125,82.35942488
1988,"Korea, Rep.",199591000000.0,11.98771556,7.146097737
1988,Kuwait,20690322153.0,4.153980922,1.46813288
1988,Kyrgyz Republic,4463041023.0,13.20003006,10.20763482
1988,Lao PDR,598961269.3,-2.010201053,16.89769908
1988,Lebanon,3313540068.0,3.80501052,31.6503076
1988,Malaysia,35272109220.0,9.937719677,2.556519453
1988,Maldives,168514513.4,5.991783374,6.456360268
1988,Mongolia,3204461567.0,5.107972312,21.93483208
1988,Myanmar,1541088317.0,-11.35243948,16.04280218
1988,Nepal,3487009748.0,7.696808711,8.983003382
1988,Oman,8386215865.0,5.964027648,2.111150506
1988,Pakistan,38472742808.0,7.62527878,8.837937018
1988,Philippines,43152128959.0,6.696931105,13.86006917
1988,Qatar,6038187033.0,7.927137935,4.60251046
1988,Saudi Arabia,88256162069.0,13.10931294,0.907563025
1988,Singapore,25371462488.0,11.26359213,1.523185192
1988,Sri Lanka,6978371581.0,2.472685038,13.9915489
1988,Syrian Arab Republic,16574342984.0,18.0111401,34.56221198
1988,Tajikistan,4407068380.0,13.90000109,11.18745334
1988,Thailand,61667253471.0,13.28811407,3.862730747
1988,Timor-Leste,1236354422.0,4.942936305,4.843521556
1988,Turkiye,90875175809.0,2.320736794,68.80964338
1988,United Arab Emirates,36275674203.0,-2.618907704,2.080245139
1988,Uzbekistan,36471688434.0,9.138582275,12.17375952
1988,Viet Nam,25423812649.0,5.135011672,5.772232768
1988,"Yemen, Rep.",20874604448.0,1.861577367,17.49567681
1989,Afghanistan,7652785670.0,4.74796003,6.124619936
1989,Armenia,6898248878.0,3.515202551,126.8455368
1989,Azerbaijan,29420997153.0,4.000604339,108.1802041
1989,Bahrain,3863563830.0,0.364007138,1.485897322
1989,Bangladesh,28781715189.0,2.836582129,6.045479756
1989,Bhutan,264798626.2,7.355567318,8.779837189
1989,Brunei Darussalam,2985532273.0,-1.074178573,1.304300371
1989,Cambodia,8072454717.0,5.600001174,4.398758198
1989,China,456289000000.0,4.206334355,18.24563836
1989,Cyprus,4563482604.0,7.947425532,3.765480483
1989,Georgia,9834973348.0,-7.195201895,12.66676181
1989,India,296042000000.0,5.947343332,7.074280029
1989,Indonesia,94451427877.0,7.786885246,6.415539635
1989,"Iran, Islamic Rep.",120496000000.0,6.132115677,22.34965305
1989,Iraq,65831935484.0,-3.118535214,32.55338283
1989,Israel,178264000000.0,5.254969835,20.35434693
1989,Japan,3109460000000.0,4.925785413,2.272289621
1989,Jordan,4221373674.0,-10.72921928,25.7127193
1989,Kazakhstan,100142000000.0,2.88125,82.35942488
1989,"Korea, Rep.",246929000000.0,7.072893605,5.700165446
1989,Kuwait,24313855653.0,4.153980922,3.342033591
1989,Kyrgyz Republic,4463041023.0,2.789750939,10.20763482
1989,Lao PDR,714046821.1,14.19063663,61.33259651
1989,Lebanon,2717998688.0,-42.45111822,31.6503076
1989,Malaysia,38847965293.0,9.059600867,2.813200897
1989,Maldives,189514434.2,5.991783374,7.165858895
1989,Mongolia,3576966800.0,4.178195743,21.93483208
1989,Myanmar,2013448240.0,3.695297423,27.19852645
1989,Nepal,3525225833.0,4.329647933,8.846886912
1989,Oman,9372171651.0,11.75686184,2.111150506
1989,Pakistan,40171106279.0,4.959768894,7.844264737
1989,Philippines,48513773721.0,6.183918203,12.24299065
1989,Qatar,6487912088.0,7.927137935,3.3
1989,Saudi Arabia,95344352824.0,-0.503015881,1.032644903
1989,Singapore,30465364739.0,10.15882864,2.345456272
1989,Sri Lanka,6987267684.0,2.299301412,11.56753609
1989,Syrian Arab Republic,18609532294.0,-13.64728218,11.39921722
1989,Tajikistan,4407068380.0,-6.500000664,11.18745334
1989,Thailand,72250748100.0,12.19050599,5.35546508
1989,Timor-Leste,1236354422.0,4.942936305,4.843521556
1989,Turkiye,107127000000.0,0.290244069,63.27255249
1989,United Arab Emirates,41464995914.0,12.33789128,2.080245139
1989,Uzbekistan,36471688434.0,3.091293973,12.17375952
1989,Viet Nam,6293304975.0,7.364512894,5.772232768
1989,"Yemen, Rep.",20874604448.0,1.861577367,17.49567681
1990,Afghanistan,7652785670.0,4.74796003,6.124619936
1990,Armenia,2256863449.0,3.515202551,126.8455368
1990,Azerbaijan,8884848485.0,4.000604339,108.1802041
1990,Bahrain,4229787234.0,4.437997176,0.929335437
1990,Bangladesh,31598340778.0,5.622258162,6.12671847
1990,Bhutan,287765007.1,10.38311792,10.01183832
1990,Brunei Darussalam,3520487627.0,1.089420535,2.138662932
1990,Cambodia,8072454717.0,5.600001174,4.398758198
1990,China,394566000000.0,3.920251368,3.052290121
1990,Cyprus,5591130218.0,7.403999507,4.502054629
1990,Georgia,7500000000.0,-14.7882259,12.66676181
1990,India,320979000000.0,5.533454561,8.971232503
1990,Indonesia,106141000000.0,7.224334601,7.819191447
1990,"Iran, Islamic Rep.",124813000000.0,13.59492644,7.627674938
1990,Iraq,180408000000.0,57.81782834,32.55338283
1990,Israel,178264000000.0,5.254969835,17.18589524
1990,Japan,3185900000000.0,4.840929057,3.078516287
1990,Jordan,4160087508.0,-0.275903906,16.19213756
1990,Kazakhstan,26932016270.0,2.88125,82.35942488
1990,"Korea, Rep.",283366000000.0,9.877552502,8.573272257
1990,Kuwait,18427777778.0,4.153980922,9.833635315
1990,Kyrgyz Republic,2675000000.0,5.702796633,10.20763482
1990,Lao PDR,865559879.4,6.704578691,35.64298297
1990,Lebanon,2838485354.0,26.53316009,31.6503076
1990,Malaysia,44024585240.0,9.008527138,2.617801047
1990,Maldives,215043969.8,5.991783374,3.649911977
1990,Mongolia,2560785660.0,-3.184460178,21.93483208
1990,Myanmar,2115193503.0,2.816933273,17.62677503
1990,Nepal,3627560282.0,4.635036347,8.239700375
1990,Oman,11685045514.0,-0.130425738,2.111150506
1990,Pakistan,40010423970.0,4.458586815,9.052131553
1990,Philippines,50508286642.0,3.082672529,12.17735221
1990,Qatar,7360439423.0,7.927137935,3.000968054
1990,Saudi Arabia,117630000000.0,15.19342589,2.077151335
1990,Singapore,36144336769.0,9.820899557,3.460753387
1990,Sri Lanka,8032551173.0,6.399995311,21.49525205
1990,Syrian Arab Republic,23904498886.0,3.739555902,19.39686722
1990,Tajikistan,2629395066.0,-0.599999631,11.18745334
1990,Thailand,85343190719.0,11.16716344,5.863994744
1990,Timor-Leste,1236354422.0,4.942936305,4.843521556
1990,Turkiye,150656000000.0,9.266146671,60.30386913
1990,United Arab Emirates,50701443748.0,18.32798553,2.080245139
1990,Uzbekistan,13360607991.0,1.600000006,12.17375952
1990,Viet Nam,6471740806.0,5.100918139,5.772232768
1990,"Yemen, Rep.",12643821569.0,1.861577367,17.49567681
1991,Afghanistan,7652785670.0,4.74796003,6.124619936
1991,Armenia,2069870130.0,-11.69999848,126.8455368
1991,Azerbaijan,5344000000.0,-0.700000176,108.1802041
1991,Bahrain,4616223404.0,11.22999878,0.764419736
1991,Bangladesh,30957483950.0,3.485227816,6.357364123
1991,Bhutan,240294286.0,-0.407875687,12.27517294
1991,Brunei Darussalam,3701774189.0,3.145941362,1.6
1991,Cambodia,8072454717.0,5.600001174,4.398758198
1991,China,413375000000.0,9.262786084,3.556685652
1991,Cyprus,5770197348.0,0.739501202,5.035274388
1991,Georgia,6400000000.0,-21.10000073,12.66676181
1991,India,270105000000.0,1.056831435,13.87024618
1991,Indonesia,116622000000.0,6.77581744,9.419058277
1991,"Iran, Islamic Rep.",177651000000.0,12.71614844,17.12856794
1991,Iraq,407796349.7,-64.04710697,180.952381
1991,Israel,178264000000.0,5.254969835,19.13526147
1991,Japan,3648070000000.0,3.523357235,3.251438488
1991,Jordan,4344467193.0,1.608531067,8.155495979
1991,Kazakhstan,24923076923.0,-11.0,82.35942488
1991,"Korea, Rep.",330647000000.0,10.77805613,9.332790482
1991,Kuwait,11009993703.0,4.153980922,9.058188362
1991,Kyrgyz Republic,2569444444.0,-7.943925227,10.20763482
1991,Lao PDR,1028087972.0,4.296563641,13.44155844
1991,Lebanon,4690415093.0,49.44737918,31.6503076
1991,Malaysia,49143148094.0,9.545467414,4.358333333
1991,Maldives,244396761.9,5.991783374,14.71367703
1991,Mongolia,2379018326.0,-8.693544731,21.93483208
1991,Myanmar,2069832687.0,-0.650616908,32.27203829
1991,Nepal,3921476085.0,6.368150397,15.55745293
1991,Oman,11341482445.0,6.074077908,2.111150506
1991,Pakistan,45625336680.0,5.061567759,11.79127034
1991,Philippines,51784144943.0,-0.436390081,19.26145853
1991,Qatar,6883516484.0,7.927137935,4.417293233
1991,Saudi Arabia,132223000000.0,15.00788025,4.861111111
1991,Singapore,45466164978.0,6.68839754,3.425701731
1991,Sri Lanka,9000362582.0,4.599987244,12.18563072
1991,Syrian Arab Republic,27756258352.0,7.666468187,9.0
1991,Tajikistan,2536585366.0,-7.099999096,11.18745334
1991,Thailand,98234714971.0,8.558260321,5.709852599
1991,Timor-Leste,1236354422.0,4.942936305,4.843521556
1991,Turkiye,151035000000.0,0.720279036,65.97856799
1991,United Arab Emirates,51552165622.0,0.860081946,2.080245139
1991,Uzbekistan,13677622222.0,-0.492000005,12.17375952
1991,Viet Nam,9613369520.0,5.960843932,5.772232768
1991,"Yemen, Rep.",14665445462.0,6.29349386,36.0
1992,Afghanistan,7652785670.0,4.74796003,6.124619936
1992,Armenia,1272835453.0,-41.80000275,126.8455368
1992,Azerbaijan,444658671.6,-22.60000033,-10.63009716
1992,Bahrain,4751063830.0,6.689998367,-0.172413793
1992,Bangladesh,31708874594.0,5.44268555,3.634076918
1992,Bhutan,240233531.2,4.600891432,15.97521736
1992,Brunei Darussalam,4183632940.0,4.758580846,1.279527559
1992,Cambodia,8072454717.0,5.600001174,4.398758198
1992,China,493137000000.0,14.22452959,6.35398134
1992,Cyprus,6912150456.0,9.399999016,6.510219531
1992,Georgia,3730000000.0,-44.89999946,12.66676181
1992,India,288208000000.0,5.48239602,11.78781704
1992,Indonesia,128027000000.0,6.497506519,7.52351717
1992,"Iran, Islamic Rep.",177651000000.0,3.297981919,25.80772262
1992,Iraq,553671957.7,32.5922112,83.61581921
1992,Israel,178264000000.0,5.254969835,12.01569397
1992,Japan,3980700000000.0,0.900586066,1.760283061
1992,Jordan,5310833194.0,14.34977606,3.995835606
1992,Kazakhstan,24917355372.0,-5.299999999,82.35942488
1992,"Korea, Rep.",355525000000.0,6.198642798,6.213281464
1992,Kuwait,19858555215.0,4.153980922,-0.545471214
1992,Kyrgyz Republic,2316562500.0,-13.83783782,10.20763482
1992,Lao PDR,1127806945.0,5.559857768,9.86452967
1992,Lebanon,5843579161.0,16.4383457,31.6503076
1992,Malaysia,59167550163.0,8.885117978,4.7672283
1992,Maldives,284875809.0,5.991783374,16.85599775
1992,Mongolia,1317611864.0,-9.256465704,21.93483208
1992,Myanmar,2411552297.0,9.660942453,21.9132104
1992,Nepal,3401211581.0,4.106406617,17.14952362
1992,Oman,12452275683.0,8.413884259,2.111150506
1992,Pakistan,48884671947.0,7.705897817,9.509041462
1992,Philippines,60422328242.0,0.417629066,8.651003579
1992,Qatar,7646153984.0,7.927137935,3.060306031
1992,Saudi Arabia,137088000000.0,3.987540164,-0.077006006
1992,Singapore,52131320033.0,6.639805569,2.263071187
1992,Sri Lanka,9703011636.0,4.399991252,11.38343705
1992,Syrian Arab Republic,33107349666.0,12.97279007,11.00917431
1992,Tajikistan,1909246641.0,-29.00000106,11.18745334
1992,Thailand,111453000000.0,8.083388023,4.139145751
1992,Timor-Leste,1236354422.0,4.942936305,4.843521556
1992,Turkiye,159105000000.0,5.035634939,70.07610387
1992,United Arab Emirates,54239171888.0,3.344944862,2.080245139
1992,Uzbekistan,12941297376.0,-11.2,12.17375952
1992,Viet Nam,9866990236.0,8.646047459,5.772232768
1992,"Yemen, Rep.",17959367194.0,8.207598137,29.41176471
1993,Afghanistan,7652785670.0,4.74796003,6.124619936
1993,Armenia,1201312829.0,-8.799998793,126.8455368
1993,Azerbaijan,1570392598.0,-23.09999872,1128.000024
1993,Bahrain,5200265957.0,12.87000667,2.538860104
1993,Bangladesh,33166519418.0,4.711561725,3.0148186
1993,Bhutan,225973692.8,1.98636659,11.19801659
1993,Brunei Darussalam,4105729021.0,0.304572874,4.25170068
1993,Cambodia,2533727592.0,5.600001174,4.398758198
1993,China,619112000000.0,13.8837293,14.61007864
1993,Cyprus,6590291048.0,0.700000488,4.854166667
1993,Georgia,2701301483.0,-29.30000197,12.66676181
1993,India,279296000000.0,4.750776218,6.326890488
1993,Indonesia,158007000000.0,6.496408118,9.671893382
1993,"Iran, Islamic Rep.",63743623231.0,-1.471011483,21.20263075
1993,Iraq,1031944881.0,30.28982949,207.6923077
1993,Israel,178264000000.0,5.254969835,10.92381786
1993,Japan,4536940000000.0,-0.459219716,1.243045897
1993,Jordan,5606400222.0,4.48698978,3.316666667
1993,Kazakhstan,23409260880.0,-9.200000002,82.35942488
1993,"Korea, Rep.",392666000000.0,6.877474129,4.800996602
1993,Kuwait,23941391391.0,33.99046756,0.382541365
1993,Kyrgyz Republic,2028295455.0,-15.45932822,10.20763482
1993,Lao PDR,1327748690.0,5.912556554,6.267222415
1993,Lebanon,7941744492.0,10.7656698,31.6503076
1993,Malaysia,66894966969.0,9.894943334,3.536585366
1993,Maldives,322417837.2,5.991783374,20.12735931
1993,Mongolia,768401634.2,-3.16879155,268.1504889
1993,Myanmar,3163020044.0,6.039410227,31.83160687
1993,Nepal,3660041667.0,3.849850026,7.505394191
1993,Oman,12493107932.0,6.042960675,2.111150506
1993,Pakistan,51809999353.0,1.757747698,9.97366476
1993,Philippines,62036529147.0,2.181889986,6.716311041
1993,Qatar,7156593654.0,7.927137935,-0.873362445
1993,Saudi Arabia,132968000000.0,-1.363741432,1.055795314
1993,Singapore,60603815716.0,11.45965088,2.289299644
1993,Sri Lanka,10338679636.0,6.900063251,11.74673702
1993,Syrian Arab Republic,36860133630.0,6.150895573,13.2231405
1993,Tajikistan,1646693642.0,-16.39999984,11.18745334
1993,Thailand,128889000000.0,8.251915915,3.312191684
1993,Timor-Leste,1236354422.0,4.942936305,4.843521556
1993,Turkiye,180416000000.0,7.651265203,66.09384298
1993,United Arab Emirates,55625170253.0,1.261190951,2.080245139
1993,Uzbekistan,13099013836.0,-2.300000004,12.17375952
1993,Viet Nam,13180953598.0,8.072730657,5.772232768
1993,"Yemen, Rep.",21736802664.0,4.001966381,35.75229802
1994,Afghanistan,7652785670.0,4.74796003,6.124619936
1994,Armenia,1315158637.0,5.400002779,3373.759443
1994,Azerbaijan,1193141110.0,-19.70000124,1662.215949
1994,Bahrain,5567553457.0,-0.250001485,0.816910898
1994,Bangladesh,33768660883.0,3.890126441,5.313740079
1994,Bhutan,258954708.0,4.95150367,7.00995355
1994,Brunei Darussalam,4087220219.0,3.145397395,2.462518449
1994,Cambodia,2791435272.0,-34.80863877,4.398758198
1994,China,564322000000.0,13.03680663,24.25698972
1994,Cyprus,7425703929.0,5.899998701,4.698589311
1994,Georgia,2514070772.0,-10.39999397,12.66676181
1994,India,327276000000.0,6.65892407,10.24793556
1994,Indonesia,176892000000.0,7.539971096,8.532005254
1994,"Iran, Islamic Rep.",71841461172.0,-1.698286119,31.44702842
1994,Iraq,3991349283.0,3.85453245,448.5
1994,Israel,178264000000.0,5.254969835,12.27550819
1994,Japan,4998800000000.0,1.083383174,0.695458058
1994,Jordan,6236295978.0,4.9714767,3.516696241
1994,Kazakhstan,21250792886.0,-12.6,1877.372395
1994,"Korea, Rep.",463620000000.0,9.268666338,6.2658595
1994,Kuwait,24848483838.0,8.436165645,2.534435262
1994,Kyrgyz Republic,1681006993.0,-20.08515884,10.20763482
1994,Lao PDR,1543606345.0,8.159018533,6.784480786
1994,Lebanon,9599127050.0,8.105241977,31.6503076
1994,Malaysia,74478356958.0,9.212041793,3.724970554
1994,Maldives,356014932.1,5.991783374,3.386100983
1994,Mongolia,925817092.2,2.134382695,87.58000933
1994,Myanmar,4432257187.0,7.477958358,24.09878608
1994,Nepal,4066775510.0,8.216002693,8.349286729
1994,Oman,12918855657.0,3.875774167,2.111150506
1994,Pakistan,52293470813.0,3.737415558,12.36819439
1994,Philippines,73159336915.0,4.373665918,10.38647343
1994,Qatar,7374450769.0,7.927137935,1.321585903
1994,Saudi Arabia,135175000000.0,0.55872019,0.564325479
1994,Singapore,73688724431.0,11.09568931,3.100132626
1994,Sri Lanka,11717604209.0,5.599918725,8.448712487
1994,Syrian Arab Republic,45086948775.0,7.213029205,15.32846715
1994,Tajikistan,1522018436.0,-21.29999801,11.18745334
1994,Thailand,146684000000.0,7.997024667,5.047748977
1994,Timor-Leste,1236354422.0,4.942936305,4.843521556
1994,Turkiye,130650000000.0,-4.668147364,105.2149865
1994,United Arab Emirates,59305093980.0,6.896148551,2.080245139
1994,Uzbekistan,12899156991.0,-5.199999993,12.17375952
1994,Viet Nam,16286433533.0,8.838980952,5.772232768
1994,"Yemen, Rep.",28019483764.0,6.721949122,49.39415538
1995,Afghanistan,7652785670.0,4.74796003,6.124619936
1995,Armenia,1468317435.0,6.89999842,175.9513255
1995,Azerbaijan,2417331193.0,-11.79999911,411.7596418
1995,Bahrain,5849467819.0,3.929991545,2.704034751
1995,Bangladesh,37939748769.0,5.121277897,10.29781179
1995,Bhutan,290490983.8,7.074117278,9.487548368
1995,Brunei Darussalam,4734103536.0,4.47870734,5.966641395
1995,Cambodia,3441205693.0,9.903468901,-0.798944338
1995,China,734485000000.0,10.95395434,16.79122517
1995,Cyprus,9933133247.0,8.362469305,2.61581788
1995,Georgia,2693768413.0,2.599996724,162.7171522
1995,India,360282000000.0,7.574491838,10.22488616
1995,Indonesia,202132000000.0,8.220007399,9.420323216
1995,"Iran, Islamic Rep.",96419225745.0,2.401044552,49.65598585
1995,Iraq,12894029888.0,2.120021498,387.3108478
1995,Israel,104893000000.0,5.254969835,9.931446651
1995,Japan,5545560000000.0,2.630999616,-0.127899045
1995,Jordan,6727597032.0,6.200874444,2.353124513
1995,Kazakhstan,20374302652.0,-8.200000001,176.1552989
1995,"Korea, Rep.",566581000000.0,9.614565393,4.480741086
1995,Kuwait,27186980647.0,4.858291252,2.686727566
1995,Kyrgyz Republic,1661018519.0,-5.42382191,10.20763482
1995,Lao PDR,1763536305.0,7.031254324,19.59391899
1995,Lebanon,11718795529.0,6.44886257,31.6503076
1995,Malaysia,88705342903.0,9.829085197,3.450575096
1995,Maldives,398988955.0,5.991783374,5.488861332
1995,Mongolia,1452165005.0,6.376426886,0.043516101
1995,Myanmar,5289174927.0,6.948051437,25.1947124
1995,Nepal,4401104418.0,3.468451893,7.622969507
1995,Oman,13802600780.0,4.99681952,2.111150506
1995,Pakistan,60636071684.0,4.962609146,12.34357852
1995,Philippines,84644328727.0,4.625225117,6.83199611
1995,Qatar,8137911978.0,7.927137935,2.956521739
1995,Saudi Arabia,143343000000.0,0.212091345,4.868431031
1995,Singapore,87812540788.0,7.175401121,1.720533848
1995,Sri Lanka,13029697561.0,5.500085234,7.674848734
1995,Syrian Arab Republic,50866369710.0,7.026589543,7.979957806
1995,Tajikistan,1231567145.0,-12.41632223,11.18745334
1995,Thailand,169279000000.0,8.120315346,5.818181818
1995,Timor-Leste,1236354422.0,4.942936305,4.843521556
1995,Turkiye,169320000000.0,7.878266876,89.11331722
1995,United Arab Emirates,65743666576.0,6.687886464,2.080245139
1995,Uzbekistan,13350468917.0,-0.900000005,12.17375952
1995,Viet Nam,20736164459.0,9.540480175,5.772232768
1995,"Yemen, Rep.",12796345679.0,5.669371322,55.08110687
1996,Afghanistan,7652785670.0,4.74796003,6.124619936
1996,Armenia,1596968946.0,5.865400749,18.68118564
1996,Azerbaijan,3176507376.0,1.299999405,19.79480281
1996,Bahrain,6101861436.0,4.110006115,-0.452227383
1996,Bangladesh,46438484108.0,4.522919217,2.37712903
1996,Bhutan,303408345.6,5.565172862,8.790013819
1996,Brunei Darussalam,5115454090.0,2.878317747,1.99613651
1996,Cambodia,3506695720.0,5.897505607,7.150861409
1996,China,863749000000.0,9.922556756,8.313160289
1996,Cyprus,10011918444.0,1.248581576,2.978924865
1996,Georgia,3095047604.0,11.20000201,39.3575
1996,India,392897000000.0,7.549522249,8.977152338
1996,Indonesia,227370000000.0,7.818187077,7.973280856
1996,"Iran, Islamic Rep.",120404000000.0,6.35052602,28.93734402
1996,Iraq,10433698621.0,11.02078564,-16.11732575
1996,Israel,114506000000.0,5.928291132,11.41669332
1996,Japan,4923390000000.0,3.133870993,0.136600359
1996,Jordan,6927503526.0,2.087020782,6.501218027
1996,Kazakhstan,21035357937.0,0.500000002,39.18254237
1996,"Korea, Rep.",610167000000.0,7.890703326,4.924543543
1996,Kuwait,31492373309.0,0.605127159,3.553985697
1996,Kyrgyz Republic,1827570586.0,7.084502408,31.94733772
1996,Lao PDR,1873671550.0,6.928323728,13.0244157
1996,Lebanon,13690217334.0,11.28593572,31.6503076
1996,Malaysia,100855000000.0,10.00270069,3.488559459
1996,Maldives,450382328.0,7.858646927,6.241245915
1996,Mongolia,1345719472.0,2.235093843,46.88995215
1996,Myanmar,6123556701.0,6.442715348,16.27539664
1996,Nepal,4521580381.0,5.328284175,9.220466624
1996,Oman,15277763329.0,3.04593991,2.111150506
1996,Pakistan,63320170084.0,4.846581287,10.37380859
1996,Philippines,94648084429.0,5.860347872,7.476103778
1996,Qatar,9059340385.0,7.927137935,4.904534606
1996,Saudi Arabia,158662000000.0,2.637424215,1.222069885
1996,Singapore,96293086513.0,7.47139086,1.383180525
1996,Sri Lanka,13897738375.0,3.799967206,15.93583104
1996,Syrian Arab Republic,61546280624.0,9.825569405,8.249890099
1996,Tajikistan,1043654822.0,-16.69999844,11.18745334
1996,Thailand,183035000000.0,5.651944465,5.805105547
1996,Timor-Leste,1236354422.0,4.942936305,4.843521556
1996,Turkiye,181464000000.0,7.379664474,80.41215114
1996,United Arab Emirates,73571233996.0,5.798404061,2.080245139
1996,Uzbekistan,13948892216.0,1.700000003,12.17375952
1996,Viet Nam,24657470575.0,9.340017499,5.675
1996,"Yemen, Rep.",6496163616.0,4.634967317,30.73373327
1997,Afghanistan,7652785670.0,4.74796003,6.124619936
1997,Armenia,1639492445.0,3.3210797,13.96076412
1997,Azerbaijan,3962362387.0,5.800000148,3.674348097
1997,Bahrain,6349202394.0,3.092999787,2.43155134
1997,Bangladesh,48244309133.0,4.489896498,5.305601057
1997,Bhutan,352229076.7,5.373838519,6.505487183
1997,Brunei Darussalam,5197311972.0,-1.471171572,1.711560045
1997,Cambodia,3443413389.0,4.006621079,7.960213978
1997,China,961602000000.0,9.236779894,2.786465055
1997,Cyprus,9547818700.0,2.64089464,3.605344444
1997,Georgia,3510520231.0,10.51904122,7.087617629
1997,India,415868000000.0,4.04982085,7.164252115
1997,Indonesia,215749000000.0,4.699878854,6.226141634
1997,"Iran, Islamic Rep.",113919000000.0,1.350399274,17.34922575
1997,Iraq,20764857056.0,21.23793613,23.06319968
1997,Israel,118859000000.0,3.79045235,8.969575201
1997,Japan,4492450000000.0,0.981228732,1.747804587
1997,Jordan,7245839210.0,3.308475383,3.037884203
1997,Kazakhstan,22165932063.0,1.699999999,17.40804106
1997,"Korea, Rep.",569755000000.0,6.170552427,4.438931846
1997,Kuwait,30350190704.0,2.473325258,0.682191435
1997,Kyrgyz Republic,1767864036.0,9.915253894,23.43542785
1997,Lao PDR,1747011857.0,6.872091271,27.50886245
1997,Lebanon,15751867489.0,1.054966667,31.6503076
1997,Malaysia,100005000000.0,7.32274185,2.662514597
1997,Maldives,508223602.4,8.39794083,7.572834671
1997,Mongolia,1180934203.0,3.896713584,36.55611489
1997,Myanmar,4722288502.0,5.651582963,29.69723258
1997,Nepal,4918691917.0,5.048612545,4.009988605
1997,Oman,15837451235.0,6.033512507,2.111150506
1997,Pakistan,62433340468.0,1.014396011,11.37549289
1997,Philippines,94106317565.0,5.186411674,5.590259397
1997,Qatar,11297802115.0,7.927137935,4.834489819
1997,Saudi Arabia,165964000000.0,1.103782052,0.057154704
1997,Singapore,100124000000.0,8.316209111,2.003586185
1997,Sri Lanka,15091913884.0,6.405399696,9.573696264
1997,Syrian Arab Republic,66420400891.0,5.023804508,1.886111362
1997,Tajikistan,921517486.7,1.680674136,11.18745334
1997,Thailand,150180000000.0,-2.753575153,5.625797471
1997,Timor-Leste,1236354422.0,4.942936305,4.843521556
1997,Turkiye,189878000000.0,7.577663644,85.66936165
1997,United Arab Emirates,78839008445.0,8.190398641,2.080245139
1997,Uzbekistan,14744603774.0,5.199999997,12.17375952
1997,Viet Nam,26843700442.0,8.152084143,3.209526063
1997,"Yemen, Rep.",6838298531.0,5.23111204,2.176726674
1998,Afghanistan,7652785670.0,4.74796003,6.124619936
1998,Armenia,1893726437.0,7.299999988,8.672486324
1998,Azerbaijan,4446368571.0,9.999999612,-0.772697886
1998,Bahrain,6183776596.0,4.790002789,-0.366533865
1998,Bangladesh,49984559471.0,5.177026873,8.402237956
1998,Bhutan,363458380.9,5.914030835,10.58558999
1998,Brunei Darussalam,4051142386.0,-0.558508851,-0.44137931
1998,Cambodia,3120425503.0,4.681632104,14.80650354
1998,China,1029060000000.0,7.845951782,-0.773186012
1998,Cyprus,10248617647.0,6.110846746,2.227707327
1998,Georgia,3613497317.0,3.104902718,3.566807813
1998,India,421351000000.0,6.184415822,13.23083898
1998,Indonesia,95445547873.0,-13.12672549,58.45104447
1998,"Iran, Islamic Rep.",110277000000.0,2.08001178,17.86613421
1998,Iraq,20617405044.0,34.85709514,14.76877356
1998,Israel,120057000000.0,4.115555069,5.491900435
1998,Japan,4098360000000.0,-1.270330495,0.661974191
1998,Jordan,7912270804.0,3.01217269,3.091666667
1998,Kazakhstan,22135245507.0,-1.899999999,7.146326655
1998,"Korea, Rep.",383332000000.0,-5.129448165,7.513580081
1998,Kuwait,25943705784.0,3.662054728,0.129658288
1998,Kyrgyz Republic,1645963750.0,2.121835264,10.45738258
1998,Lao PDR,1280177839.0,3.967608092,90.98073456
1998,Lebanon,17247179006.0,3.665723785,31.6503076
1998,Malaysia,72167498981.0,-7.359415188,5.270342003
1998,Maldives,540096397.6,7.494683025,-1.404252338
1998,Mongolia,1124440205.0,3.339936599,9.357042177
1998,Myanmar,6459461639.0,5.866213153,51.48754975
1998,Nepal,4856255044.0,3.016389475,11.24446778
1998,Oman,13996914694.0,2.642338032,2.111150506
1998,Pakistan,62191955814.0,2.550234298,6.228004154
1998,Philippines,74492416330.0,-0.5140906,9.234934323
1998,Qatar,10255495027.0,7.927137935,2.951388889
1998,Saudi Arabia,146775000000.0,2.893362521,-0.371269735
1998,Singapore,85728207782.0,-2.191015006,-0.267502293
1998,Sri Lanka,15794972847.0,4.698423048,9.364243007
1998,Syrian Arab Republic,70418173719.0,6.785304524,-0.797165633
1998,Tajikistan,1320199582.0,5.312867659,11.18745334
1998,Thailand,113676000000.0,-7.634035286,7.99472875
1998,Timor-Leste,1236354422.0,4.942936305,4.843521556
1998,Turkiye,275942000000.0,2.404150257,84.64134348
1998,United Arab Emirates,75674336283.0,0.291994349,2.080245139
1998,Uzbekistan,14988971211.0,4.300000001,12.17375952
1998,Viet Nam,27209602050.0,5.764455458,7.266198044
1998,"Yemen, Rep.",6322175566.0,6.006694599,5.976508521
1999,Afghanistan,7652785670.0,4.74796003,6.124619936
1999,Armenia,1845482173.0,3.300000001,0.64824576
1999,Azerbaijan,4581248567.0,7.4000013,-8.525170005
1999,Bahrain,6621010372.0,4.29999896,-1.287587972
1999,Bangladesh,51270569884.0,4.670156369,6.106695898
1999,Bhutan,399311199.5,7.983972022,6.776993936
1999,Brunei Darussalam,4600116699.0,3.052157142,-0.415627598
1999,Cambodia,3517242477.0,12.70538114,4.008207021
1999,China,1094010000000.0,7.661651506,-1.401472683
1999,Cyprus,10497908306.0,4.997960422,1.63
1999,Georgia,2800025883.0,2.869257044,19.19267582
1999,India,458820000000.0,8.845755559,4.66982038
1999,Indonesia,140001000000.0,0.791126083,20.47783111
1999,"Iran, Islamic Rep.",113848000000.0,2.002696233,20.07070781
1999,Iraq,36881601584.0,17.58226601,12.57776234
1999,Israel,120923000000.0,3.330492529,5.18102372
1999,Japan,4635980000000.0,-0.333929958,-0.341296928
1999,Jordan,8149929478.0,3.389530794,0.606256568
1999,Kazakhstan,16870817182.0,2.699999998,8.296027653
1999,"Korea, Rep.",497514000000.0,11.46694243,0.812957254
1999,Kuwait,30122365849.0,-1.789009125,2.990810359
1999,Kyrgyz Republic,1249061487.0,3.65578939,37.03092584
1999,Lao PDR,1454430642.0,7.306376071,125.2721284
1999,Lebanon,17391056369.0,-0.525584635,31.6503076
1999,Malaysia,79148421053.0,6.137612011,2.744561302
1999,Maldives,589239753.6,6.175655828,2.953708361
1999,Mongolia,1057408589.0,3.070369011,7.564941503
1999,Myanmar,8486832801.0,10.94512998,18.40104337
1999,Nepal,5033642384.0,4.41257328,7.45111261
1999,Oman,15593456177.0,0.33149557,2.111150506
1999,Pakistan,62973857069.0,3.66013274,4.142637181
1999,Philippines,85640171045.0,3.346451184,5.939049018
1999,Qatar,12393131868.0,7.927137935,2.181703204
1999,Saudi Arabia,161717000000.0,-3.763285218,-1.333763502
1999,Singapore,86286849755.0,5.718371757,0.016709834
1999,Sri Lanka,15656327860.0,4.300540498,4.69170563
1999,Syrian Arab Republic,72970334076.0,-3.553449871,-3.703703704
1999,Tajikistan,1086612583.0,3.699550717,11.18745334
1999,Thailand,126669000000.0,4.572307751,0.284726459
1999,Timor-Leste,1236354422.0,4.942936305,4.843521556
1999,Turkiye,256396000000.0,-3.263168406,64.86748764
1999,United Arab Emirates,84445473111.0,2.902213645,2.080245139
1999,Uzbekistan,17078465982.0,4.300000002,12.17375952
1999,Viet Nam,28683659007.0,4.773586883,4.117102358
1999,"Yemen, Rep.",7639325296.0,3.775530496,8.660219494
2000,Afghanistan,7652785670.0,4.74796003,6.124619936
2000,Armenia,1911563669.0,5.900000003,-0.790883769
2000,Azerbaijan,5272615723.0,11.09999914,1.805003037
2000,Bahrain,9062898936.0,5.300070056,-0.704852953
2000,Bangladesh,53369787319.0,5.293294719,2.208256209
2000,Bhutan,424448931.0,3.355068285,4.012120811
2000,Brunei Darussalam,6001282104.0,2.849421858,1.558152476
2000,Cambodia,3654031716.0,9.993580323,-0.791992529
2000,China,1211330000000.0,8.490093404,0.347811227
2000,Cyprus,9985844486.0,5.965310315,4.141657647
2000,Georgia,3057475335.0,1.838341066,4.063962014
2000,India,468395000000.0,3.840991157,4.00943591
2000,Indonesia,165021000000.0,4.920067748,3.68861916
2000,"Iran, Islamic Rep.",109592000000.0,5.845527476,14.47675132
2000,Iraq,48364250944.0,16.92166569,4.978962132
2000,Israel,136036000000.0,8.671655277,1.03264095
2000,Japan,4968360000000.0,2.764647551,-0.676578684
2000,Jordan,8460789845.0,4.245711921,0.666880926
2000,Kazakhstan,18291990662.0,9.800000002,13.18089059
2000,"Korea, Rep.",576179000000.0,9.060833325,2.259165801
2000,Kuwait,37718743480.0,4.694581871,1.812946139
2000,Kyrgyz Republic,1369688498.0,5.443336633,18.70073428
2000,Lao PDR,1731198022.0,5.798782329,25.08464143
2000,Lebanon,17260364842.0,1.34187162,31.6503076
2000,Malaysia,93789736842.0,8.85886817,1.534740237
2000,Maldives,624337145.3,3.845810392,-1.174756812
2000,Mongolia,1136896124.0,1.146062137,11.59553876
2000,Myanmar,8905066164.0,13.74593056,-0.109165515
2000,Nepal,5494252208.0,6.199999982,2.478820207
2000,Oman,19507452536.0,6.551066885,2.111150506
2000,Pakistan,99484802345.0,4.260088011,4.366664513
2000,Philippines,83669788255.0,4.382504833,3.977125032
2000,Qatar,17759890110.0,7.927137935,1.650335224
2000,Saudi Arabia,189515000000.0,5.625416146,-1.124994779
2000,Singapore,96076539926.0,9.038316326,1.361623924
2000,Sri Lanka,16330814180.0,6.000033158,6.17627591
2000,Syrian Arab Republic,80590022272.0,0.675642589,-3.846153846
2000,Tajikistan,860541842.3,8.324324495,11.18745334
2000,Thailand,126392000000.0,4.455247043,1.591969175
2000,Timor-Leste,366924300.0,4.942936305,4.843521556
2000,Turkiye,274295000000.0,6.933239705,54.91537058
2000,United Arab Emirates,104337000000.0,10.85270421,2.080245139
2000,Uzbekistan,13760513969.0,3.835,12.17375952
2000,Viet Nam,31172518403.0,6.787316405,-1.710337279
2000,"Yemen, Rep.",9679316770.0,6.181915593,4.59
2001,Afghanistan,7652785670.0,4.74796003,6.124619936
2001,Armenia,2118467913.0,9.599999999,3.145904647
2001,Azerbaijan,5707616204.0,9.899999865,1.547195902
2001,Bahrain,8976196809.0,2.490948108,-1.207571802
2001,Bangladesh,53991289844.0,5.077287775,2.007173742
2001,Bhutan,461479581.8,8.348954483,3.414789461
2001,Brunei Darussalam,5601018684.0,2.744040518,0.595890411
2001,Cambodia,3984000517.0,8.148386097,-0.6006483
2001,China,1339400000000.0,8.335733476,0.719125609
2001,Cyprus,10397897086.0,3.952560541,1.973041917
2001,Georgia,3219462262.0,4.805453273,4.646044421
2001,India,485441000000.0,4.823966266,3.779293122
2001,Indonesia,160447000000.0,3.643466448,11.50011488
2001,"Iran, Islamic Rep.",126879000000.0,2.392172712,11.27424713
2001,Iraq,36176430129.0,1.761480081,16.3740815
2001,Israel,134636000000.0,0.334070643,1.151315789
2001,Japan,4374710000000.0,0.386103426,-0.740055504
2001,Jordan,8975814653.0,5.269957575,1.772204374
2001,Kazakhstan,22152689180.0,13.5,8.354137772
2001,"Korea, Rep.",547656000000.0,4.852399572,4.066575879
2001,Kuwait,34889559870.0,0.213332576,1.3
2001,Kyrgyz Republic,1525116370.0,5.321621422,6.919679894
2001,Lao PDR,1768619058.0,5.75141288,7.811807948
2001,Lebanon,17649751244.0,3.839669277,31.6503076
2001,Malaysia,92783947368.0,0.517675319,1.416784732
2001,Maldives,870031676.8,-3.943634354,0.67257737
2001,Mongolia,1267997934.0,2.952710543,6.277360205
2001,Myanmar,6477790688.0,11.34399707,21.10130538
2001,Nepal,6007055042.0,4.799892143,2.688303735
2001,Oman,19452000520.0,4.482802531,-0.816666667
2001,Pakistan,97145618480.0,3.651350171,3.148261446
2001,Philippines,78921234458.0,3.04923151,5.345501956
2001,Qatar,17538461538.0,3.898186662,1.471334348
2001,Saudi Arabia,184138000000.0,-1.210743868,-1.120944775
2001,Singapore,89793790670.0,-1.070862751,0.997197956
2001,Sri Lanka,15749753805.0,-1.545408134,14.1584558
2001,Syrian Arab Republic,86771314031.0,1.047287102,3.0
2001,Tajikistan,1080772703.0,9.580836178,38.59188945
2001,Thailand,120296000000.0,3.44424901,1.626908873
2001,Timor-Leste,477443500.0,16.35138092,4.843521556
2001,Turkiye,201753000000.0,-5.750006555,54.40018876
2001,United Arab Emirates,103312000000.0,1.39908503,2.080245139
2001,Uzbekistan,11401421329.0,4.16383825,12.17375952
2001,Viet Nam,32685198809.0,6.192893312,-0.431544512
2001,"Yemen, Rep.",9852990693.0,3.803645872,11.91159129
2002,Afghanistan,3825701406.0,4.74796003,6.124619936
2002,Armenia,2376335048.0,13.2,1.060049293
2002,Azerbaijan,6236087738.0,9.438916269,2.77116472
2002,Bahrain,9593510638.0,3.348550668,-0.495540139
2002,Bangladesh,54724081491.0,3.83312394,3.332564933
2002,Bhutan,520846133.5,10.99228184,2.455357143
2002,Brunei Darussalam,5843368268.0,3.872096967,-2.314972425
2002,Cambodia,4284028483.0,6.578939499,0.211466568
2002,China,1470560000000.0,9.13363079,-0.731970902
2002,Cyprus,11420227885.0,3.722956499,2.801155052
2002,Georgia,3395766678.0,5.473836801,5.5878373
2002,India,514938000000.0,3.803975321,4.297152039
2002,Indonesia,195661000000.0,4.499475389,11.90011757
2002,"Iran, Islamic Rep.",128627000000.0,8.078829279,14.33593374
2002,Iraq,32928454672.0,-8.198469824,19.3166946
2002,Israel,125061000000.0,-0.114220928,5.772357724
2002,Japan,4182850000000.0,0.041962499,-0.923494027
2002,Jordan,9582510578.0,5.783807927,1.83299389
2002,Kazakhstan,24636598527.0,9.8,5.836924521
2002,"Korea, Rep.",627247000000.0,7.725142675,2.762262103
2002,Kuwait,38135788414.0,3.014283152,0.888450148
2002,Kyrgyz Republic,1605643105.0,-0.017324602,2.134209863
2002,Lao PDR,1758176653.0,5.918743684,10.63134463
2002,Lebanon,19152238806.0,3.423149828,31.6503076
2002,Malaysia,100846000000.0,5.390988307,1.807872463
2002,Maldives,897031250.0,7.268386313,4.178672399
2002,Mongolia,1396555720.0,4.732978466,0.917074687
2002,Myanmar,6777632512.0,12.02551343,57.07451126
2002,Nepal,6050875807.0,0.120143177,3.029399487
2002,Oman,20142756047.0,-1.100905293,-0.279578823
2002,Pakistan,97923302809.0,2.594816684,3.290344726
2002,Philippines,84307345888.0,3.716255002,2.722772277
2002,Qatar,19363736264.0,7.18215168,0.24
2002,Saudi Arabia,189606000000.0,-2.819174403,0.247186514
2002,Singapore,92538372870.0,3.923360767,-0.391676867
2002,Sri Lanka,16536535647.0,3.964675685,9.55103167
2002,Syrian Arab Republic,90558485523.0,3.954831927,-0.130505282
2002,Tajikistan,1221106073.0,10.80000376,12.24998478
2002,Thailand,134301000000.0,6.149036052,0.697308977
2002,Timor-Leste,469455500.0,-6.703651824,4.843521556
2002,Turkiye,240249000000.0,6.447722047,44.96412095
2002,United Arab Emirates,109816000000.0,2.43345681,2.080245139
2002,Uzbekistan,9687788513.0,3.973488192,12.17375952
2002,Viet Nam,35064105501.0,6.320820992,3.830828382
2002,"Yemen, Rep.",10693430511.0,3.935231505,12.23853394
2003,Afghanistan,4520946849.0,8.832277813,6.124619936
2003,Armenia,2807061009.0,14.0,4.721553366
2003,Azerbaijan,7276413079.0,10.2082994,2.23386493
2003,Bahrain,11074813830.0,6.296441979,1.593625498
2003,Bangladesh,60158929188.0,4.7395674,5.668707734
2003,Bhutan,603999374.5,7.823302361,2.572308617
2003,Brunei Darussalam,6557397070.0,2.903955477,0.3
2003,Cambodia,4658246918.0,8.50589556,0.941746118
2003,China,1660280000000.0,10.03803048,1.127603487
2003,Cyprus,14547325028.0,2.623286123,4.139065387
2003,Georgia,3991377904.0,11.05872319,0.837734532
2003,India,607699000000.0,7.860381476,3.805858995
2003,Indonesia,234772000000.0,4.780369124,6.757317194
2003,"Iran, Islamic Rep.",153545000000.0,8.639298396,16.46801162
2003,Iraq,21921569479.0,-36.65815268,33.6162106
2003,Israel,131300000000.0,1.393912964,0.702756122
2003,Japan,4519560000000.0,1.535125499,-0.256541816
2003,Jordan,10195627645.0,4.161667555,1.63
2003,Kazakhstan,30833692900.0,9.3,6.438218101
2003,"Korea, Rep.",702715000000.0,3.147291194,3.514874515
2003,Kuwait,47874582232.0,17.32602042,0.961350294
2003,Kyrgyz Republic,1919008090.0,7.030293201,2.974612952
2003,Lao PDR,2023324407.0,6.067002303,15.48935292
2003,Lebanon,20082918740.0,3.227098269,31.6503076
2003,Malaysia,110202000000.0,5.788499286,1.089676326
2003,Maldives,1052121056.0,13.75004982,-1.260651135
2003,Mongolia,1595297356.0,7.004634574,5.128994994
2003,Myanmar,10467109978.0,13.84399689,36.58971753
2003,Nepal,6330473097.0,3.945037761,5.707009319
2003,Oman,21633708192.0,-2.668591109,0.231328682
2003,Pakistan,112372000000.0,5.401310873,2.914134701
2003,Philippines,87039092974.0,5.086911135,2.289156627
2003,Qatar,23533791209.0,3.719958677,2.264565044
2003,Saudi Arabia,215808000000.0,11.24206139,0.612194395
2003,Singapore,97646401096.0,4.548255426,0.5079053
2003,Sri Lanka,18881765437.0,5.940269078,6.314637871
2003,Syrian Arab Republic,95693808463.0,7.204435053,5.796829449
2003,Tajikistan,1555318431.0,10.99999908,16.3034912
2003,Thailand,152281000000.0,7.189243303,1.804349946
2003,Timor-Leste,490439100.0,-2.182264132,7.165158914
2003,Turkiye,314596000000.0,5.763206067,21.60243845
2003,United Arab Emirates,124346000000.0,8.800540815,2.080245139
2003,Uzbekistan,10134453435.0,4.232627382,12.17375952
2003,Viet Nam,39552513232.0,6.899063491,3.234648173
2003,"Yemen, Rep.",11777532662.0,3.747398185,10.8323607
2004,Afghanistan,5224896719.0,1.414117981,6.124619936
2004,Armenia,3576615240.0,10.5,6.961261359
2004,Azerbaijan,8680405741.0,9.253801797,6.708930428
2004,Bahrain,13150159574.0,6.980960594,2.352941176
2004,Bangladesh,65108544250.0,5.23953291,7.587536385
2004,Bhutan,682577068.5,6.008742236,4.105936983
2004,Brunei Darussalam,7872202803.0,0.504318253,0.814223995
2004,Cambodia,5337833248.0,10.34052877,4.319336774
2004,China,1955350000000.0,10.11362138,3.824637431
2004,Cyprus,17320552500.0,5.026343926,2.286217068
2004,Georgia,5125365192.0,5.794496346,5.656326362
2004,India,709149000000.0,7.922936613,3.767251735
2004,Indonesia,256837000000.0,5.030873945,6.064059885
2004,"Iran, Islamic Rep.",190043000000.0,4.336665983,14.7615087
2004,Iraq,36627901762.0,53.38179419,26.96190682
2004,Israel,139973000000.0,4.784467426,-0.381637771
2004,Japan,4893120000000.0,2.186115694,-0.008573388
2004,Jordan,11411706629.0,8.567214242,3.361868215
2004,Kazakhstan,43151647003.0,9.600000001,6.88205439
2004,"Korea, Rep.",793176000000.0,5.197391363,3.590662989
2004,Kuwait,59439090601.0,10.24029806,1.248564437
2004,Kyrgyz Republic,2211534585.0,7.026812415,4.110650847
2004,Lao PDR,2366398120.0,6.35769548,10.46226673
2004,Lebanon,21159827992.0,6.679444616,31.6503076
2004,Malaysia,124749000000.0,6.783437724,1.421271159
2004,Maldives,1226829565.0,5.816366756,-1.685412125
2004,Mongolia,1992066808.0,10.62540596,8.241154494
2004,Myanmar,10567354056.0,13.56466162,4.534213741
2004,Nepal,7273938315.0,4.682603252,2.841811312
2004,Oman,24763712874.0,1.292205681,0.624969063
2004,Pakistan,132216000000.0,7.83125557,7.444624693
2004,Philippines,95001999685.0,6.569228512,4.829210836
2004,Qatar,31734065934.0,19.21891534,6.79933665
2004,Saudi Arabia,258742000000.0,7.958441666,0.515506767
2004,Singapore,115034000000.0,9.939982684,1.662727199
2004,Sri Lanka,20662525941.0,5.445061279,7.57592583
2004,Syrian Arab Republic,112863000000.0,6.902959435,4.433141367
2004,Tajikistan,2076176636.0,10.29999894,7.141965087
2004,Thailand,172896000000.0,6.289342143,2.759149262
2004,Timor-Leste,440772000.0,0.400003981,3.23751394
2004,Turkiye,408865000000.0,9.795936389,8.598261681
2004,United Arab Emirates,147824000000.0,9.566436637,2.080245139
2004,Uzbekistan,12030023548.0,7.449000606,12.17375952
2004,Viet Nam,45427854693.0,7.536410609,7.754947487
2004,"Yemen, Rep.",13867634371.0,3.972696401,12.51509515
2005,Afghanistan,6203256497.0,11.22971482,12.68626872
2005,Armenia,4900469511.0,13.9,0.638928002
2005,Azerbaijan,13245421881.0,27.96153811,9.679507319
2005,Bahrain,15968723404.0,6.768997871,2.586206897
2005,Bangladesh,69442943089.0,6.535944939,7.046618162
2005,Bhutan,796938572.0,7.287249352,5.312631046
2005,Brunei Darussalam,9531420028.0,0.387507208,1.244437119
2005,Cambodia,6293046162.0,13.25008691,6.61525912
2005,China,2285960000000.0,11.39459181,1.776414077
2005,Cyprus,18433411267.0,4.853003838,2.560161323
2005,Georgia,6410912050.0,9.589574062,8.247090431
2005,India,820382000000.0,7.923430621,4.24634362
2005,Indonesia,285869000000.0,5.692571303,10.45319842
2005,"Iran, Islamic Rep.",226452000000.0,3.189804081,13.43311801
2005,Iraq,49954890353.0,1.671889624,36.95948092
2005,Israel,147084000000.0,4.134076619,1.313485114
2005,Japan,4831470000000.0,1.803900872,-0.282946069
2005,Jordan,12588998590.0,8.146594811,3.493685346
2005,Kazakhstan,57123671734.0,9.699999999,7.579999291
2005,"Korea, Rep.",934901000000.0,4.308542714,2.753791627
2005,Kuwait,80798630137.0,10.60904498,4.142975836
2005,Kyrgyz Republic,2460246766.0,-0.175515413,4.338673918
2005,Lao PDR,2735558735.0,7.107568368,7.165417599
2005,Lebanon,21497336499.0,2.68577931,31.6503076
2005,Malaysia,143534000000.0,5.332139161,2.975070927
2005,Maldives,1163362434.0,-11.22316606,1.300275009
2005,Mongolia,2523471601.0,7.253665438,12.71656741
2005,Myanmar,11986972419.0,13.56895002,9.368618142
2005,Nepal,8130258415.0,3.479181048,6.836332659
2005,Oman,31081991678.0,2.490221143,1.909835535
2005,Pakistan,145209000000.0,7.276574436,9.06332737
2005,Philippines,107420000000.0,4.942505119,6.516853933
2005,Qatar,44530494505.0,7.492758483,8.814395323
2005,Saudi Arabia,328460000000.0,5.573850122,0.479230398
2005,Singapore,127808000000.0,7.366322393,0.425106277
2005,Sri Lanka,24405791045.0,6.241748044,11.6396861
2005,Syrian Arab Republic,134204000000.0,6.215077835,7.240349393
2005,Tajikistan,2312352268.0,6.699998517,7.091932441
2005,Thailand,189318000000.0,4.187638429,4.540369196
2005,Timor-Leste,462268000.0,2.984579638,1.111674004
2005,Turkiye,506315000000.0,8.992304936,8.179160368
2005,United Arab Emirates,180617000000.0,4.855141196,2.080245139
2005,Uzbekistan,14307509839.0,6.950007196,12.17375952
2005,Viet Nam,57633255738.0,7.547247729,8.284572431
2005,"Yemen, Rep.",16731566717.0,5.591748076,11.81126394
2006,Afghanistan,6971758333.0,5.357403251,6.78459655
2006,Armenia,6384452067.0,13.2,2.892356625
2006,Azerbaijan,20981929498.0,34.5,8.328924829
2006,Bahrain,18504760638.0,6.467000122,2.007469655
2006,Bangladesh,71819083684.0,6.671904986,6.765261171
2006,Bhutan,874989741.1,6.999738095,5.00045438
2006,Brunei Darussalam,11470464771.0,4.397719678,0.159888078
2006,Cambodia,7274595707.0,10.77108367,5.810685505
2006,China,2752120000000.0,12.72095566,1.649430995
2006,Cyprus,20072786351.0,4.713828666,2.30468733
2006,Georgia,7745250734.0,9.419770648,9.160965084
2006,India,940260000000.0,8.060732572,5.796523376
2006,Indonesia,364571000000.0,5.500951785,13.1086721
2006,"Iran, Islamic Rep.",266299000000.0,4.999795269,10.01589825
2006,Iraq,65140147197.0,5.646297795,53.23096291
2006,Israel,158670000000.0,5.582667959,2.063526361
2006,Japan,4601660000000.0,1.372350128,0.249355116
2006,Jordan,15056981664.0,8.092975278,6.251724667
2006,Kazakhstan,81003864630.0,10.7,8.721693861
2006,"Korea, Rep.",1053220000000.0,5.264326595,2.242340285
2006,Kuwait,101557000000.0,7.514773,3.057013392
2006,Kyrgyz Republic,2834168889.0,3.102898745,5.552123332
2006,Lao PDR,3455031448.0,8.619266208,6.545594391
2006,Lebanon,22022709851.0,1.549515001,31.6503076
2006,Malaysia,162692000000.0,5.584847067,3.609235642
2006,Maldives,1575200391.0,23.60579834,2.738421316
2006,Mongolia,3414055662.0,8.556234817,5.095166617
2006,Myanmar,14502553710.0,13.07610138,19.99648734
2006,Nepal,9043715356.0,3.364614781,6.920335807
2006,Oman,37215779714.0,5.371888874,3.544985916
2006,Pakistan,161871000000.0,6.051637676,7.921084401
2006,Philippines,127653000000.0,5.316416821,5.485232068
2006,Qatar,60882142857.0,26.17024567,11.83580962
2006,Saudi Arabia,376900000000.0,2.788402224,2.209024079
2006,Singapore,148627000000.0,9.006766079,0.962901778
2006,Sri Lanka,28279802406.0,7.668291901,10.02018361
2006,Syrian Arab Republic,153800000000.0,5.046195556,10.02411054
2006,Tajikistan,2830213563.0,7.000003211,10.01086519
2006,Thailand,221758000000.0,4.967810892,4.63747436
2006,Timor-Leste,453792400.0,-4.116092689,3.936162599
2006,Turkiye,557076000000.0,6.947988086,9.597242123
2006,United Arab Emirates,222117000000.0,9.837319773,2.080245139
2006,Uzbekistan,17330833853.0,7.451418476,12.17375952
2006,Viet Nam,66371664817.0,6.977954811,7.418017151
2006,"Yemen, Rep.",19063143370.0,3.170409359,10.84479869
2007,Afghanistan,9747886105.0,13.82631955,8.680570785
2007,Armenia,9206301270.0,13.7,4.407360896
2007,Azerbaijan,33049419431.0,24.99999985,16.69975496
2007,Bahrain,21730000000.0,8.293960448,3.256666667
2007,Bangladesh,79611888213.0,7.058599354,9.106984969
2007,Bhutan,1168307584.0,18.36085406,5.156111388
2007,Brunei Darussalam,12247677994.0,0.154581812,0.96777412
2007,Cambodia,8639235913.0,10.21257391,8.708827706
2007,China,3550330000000.0,14.23086093,4.816767674
2007,Cyprus,23968764030.0,5.098068453,2.372651837
2007,Georgia,10172931089.0,12.57895343,9.244897456
2007,India,1216740000000.0,7.660815066,6.372881356
2007,Indonesia,432217000000.0,6.345022228,6.406562813
2007,"Iran, Islamic Rep.",349882000000.0,8.155773518,17.34104046
2007,Iraq,88837055195.0,1.885572143,-10.06749258
2007,Israel,184052000000.0,6.033213571,0.455170954
2007,Japan,4579750000000.0,1.483969412,0.060039454
2007,Jordan,17110437236.0,8.176169952,4.74390639
2007,Kazakhstan,104850000000.0,8.9,10.84683621
2007,"Korea, Rep.",1172610000000.0,5.799548415,2.534573821
2007,Kuwait,114634000000.0,5.991575511,5.484949833
2007,Kyrgyz Republic,3802570553.0,8.542874764,10.23010327
2007,Lao PDR,4223152219.0,7.596828801,4.661972695
2007,Lebanon,24827355015.0,9.310622526,31.6503076
2007,Malaysia,193550000000.0,6.298785927,2.027353178
2007,Maldives,1868383460.0,7.123427448,6.794773539
2007,Mongolia,4234999704.0,10.24801636,9.630963096
2007,Myanmar,20182477481.0,11.99143524,35.02459707
2007,Nepal,10325618017.0,3.41156028,2.269219244
2007,Oman,42085379454.0,4.452683565,5.830484181
2007,Pakistan,184141000000.0,4.44481434,7.598684411
2007,Philippines,155980000000.0,6.51929155,2.9
2007,Qatar,79712087912.0,17.98565682,13.75816258
2007,Saudi Arabia,415965000000.0,1.847130255,4.167823301
2007,Singapore,180942000000.0,9.021519513,2.104880036
2007,Sri Lanka,32350238760.0,6.796826119,15.84211149
2007,Syrian Arab Republic,180030000000.0,5.674591777,3.907709504
2007,Tajikistan,3719524181.0,7.800000119,13.14912471
2007,Thailand,262943000000.0,5.435151691,2.241540953
2007,Timor-Leste,542795400.0,10.26538845,10.30090202
2007,Turkiye,681321000000.0,5.043507932,8.75618091
2007,United Arab Emirates,257916000000.0,3.184390174,2.080245139
2007,Uzbekistan,22311393928.0,9.473005305,12.17375952
2007,Viet Nam,77414425532.0,7.129504486,8.344448898
2007,"Yemen, Rep.",21650528674.0,3.338427956,7.90511779
2008,Afghanistan,10109296958.0,3.924983822,26.41866415
2008,Armenia,11662040714.0,6.9,8.949953354
2008,Azerbaijan,48851293785.0,10.75897806,20.84908718
2008,Bahrain,25710904255.0,6.245010775,3.526003164
2008,Bangladesh,91631278239.0,6.013789757,8.901944895
2008,Bhutan,1227809270.0,4.799460612,8.327160494
2008,Brunei Darussalam,14393434225.0,-1.939714638,2.084980237
2008,Cambodia,10351914177.0,6.691577476,24.09685193
2008,China,4594340000000.0,9.650678918,5.92525137
2008,Cyprus,27844698989.0,3.646811991,4.669008419
2008,Georgia,12795145131.0,2.418571659,9.999487616
2008,India,1198900000000.0,3.08669806,8.349267049
2008,Indonesia,510229000000.0,6.013703599,10.22666455
2008,"Iran, Islamic Rep.",412336000000.0,0.250856553,25.41050903
2008,Iraq,131614000000.0,8.228107104,12.66285283
2008,Israel,220531000000.0,3.251163361,4.552160169
2008,Japan,5106680000000.0,-1.224289001,1.380078862
2008,Jordan,22658715989.0,7.220386373,13.971231
2008,Kazakhstan,133442000000.0,3.3,17.13989978
2008,"Korea, Rep.",1047340000000.0,3.012984873,4.673896555
2008,Kuwait,147380000000.0,2.479756943,10.58270979
2008,Kyrgyz Republic,5139958909.0,8.40161606,24.52010242
2008,Lao PDR,5446434032.0,7.824902763,7.628808876
2008,Lebanon,29118916105.0,9.069128268,31.6503076
2008,Malaysia,230812000000.0,4.831769889,5.440782211
2008,Maldives,2271646188.0,8.979817021,12.04145835
2008,Mongolia,5623216608.0,8.900367941,27.95566502
2008,Myanmar,31862554102.0,10.25530539,26.79953719
2008,Nepal,12545438605.0,6.104639144,9.907830053
2008,Oman,60905452536.0,8.200078158,12.37540915
2008,Pakistan,202204000000.0,2.120441043,20.28612109
2008,Philippines,181625000000.0,4.344487305,8.260447036
2008,Qatar,115270000000.0,17.66355636,15.05014516
2008,Saudi Arabia,519797000000.0,6.249772752,9.870247913
2008,Singapore,193617000000.0,1.863483455,6.627781774
2008,Sri Lanka,40713826215.0,5.950088145,22.56449553
2008,Syrian Arab Republic,218090000000.0,4.476672736,15.74532522
2008,Tajikistan,5161299725.0,7.899998272,20.47052191
2008,Thailand,291383000000.0,1.725698849,5.468489496
2008,Timor-Leste,648523600.0,11.39480483,9.064236219
2008,Turkiye,770449000000.0,0.815024573,10.44412838
2008,United Arab Emirates,315475000000.0,3.191836276,12.25042024
2008,Uzbekistan,29549438884.0,9.029161018,12.17375952
2008,Viet Nam,99130304099.0,5.661771209,23.11544835
2008,"Yemen, Rep.",26910855807.0,3.64756947,18.97625743
2009,Afghanistan,12416152648.0,21.39052839,-6.811161089
2009,Armenia,8647937081.0,-14.1,3.406766827
2009,Azerbaijan,44292427185.0,9.296363744,1.45704836
2009,Bahrain,22938218085.0,2.539885936,2.795512836
2009,Bangladesh,102478000000.0,5.045124799,5.423472362
2009,Bhutan,1234015133.0,6.748333748,4.361122191
2009,Brunei Darussalam,10732595016.0,-1.764535541,1.035717743
2009,Cambodia,10401851768.0,0.086696959,-1.241717542
2009,China,5101690000000.0,9.398725632,-0.728165251
2009,Cyprus,25945391775.0,-2.015262359,0.326276652
2009,Georgia,10766920066.0,-3.650513631,1.727514611
2009,India,1341890000000.0,7.861888832,10.88235294
2009,Indonesia,539580000000.0,4.628871183,4.38641555
2009,"Iran, Islamic Rep.",416397000000.0,1.007385463,13.55155483
2009,Iraq,111658000000.0,3.379299094,6.873615472
2009,Israel,211970000000.0,0.883120394,3.35617819
2009,Japan,5289490000000.0,-5.693236359,-1.35283673
2009,Jordan,24537876056.0,5.023710073,-0.739069743
2009,Kazakhstan,115309000000.0,1.199999999,7.316078583
2009,"Korea, Rep.",943942000000.0,0.79269899,2.756496545
2009,Kuwait,105969000000.0,-7.076056431,4.609595484
2009,Kyrgyz Republic,4690061381.0,2.886294575,6.836562481
2009,Lao PDR,5836138127.0,7.501774912,0.141187675
2009,Lebanon,35399582929.0,10.23215558,1.195096712
2009,Malaysia,202257000000.0,-1.513528716,0.583308406
2009,Maldives,2345294879.0,-8.157763226,4.530176591
2009,Mongolia,4583850368.0,-1.268598936,7.619505935
2009,Myanmar,36906181381.0,10.5500091,1.472343114
2009,Nepal,12854985464.0,4.533078725,11.09482374
2009,Oman,48388363589.0,6.112395608,3.468810238
2009,Pakistan,187338000000.0,3.472550596,13.64776506
2009,Philippines,175975000000.0,1.448323063,4.219030521
2009,Qatar,97798351648.0,11.95656113,-4.863278016
2009,Saudi Arabia,429098000000.0,-2.059249189,5.057223147
2009,Singapore,194150000000.0,0.127953383,0.596720257
2009,Sri Lanka,42066224093.0,3.538912053,3.464963221
2009,Syrian Arab Republic,224562000000.0,5.912042793,2.920897118
2009,Tajikistan,4979471964.0,3.900001148,6.448234811
2009,Thailand,281711000000.0,-0.690618232,-0.845716092
2009,Timor-Leste,726937800.0,10.14695442,0.669681186
2009,Turkiye,649289000000.0,-4.823153953,6.250976631
2009,United Arab Emirates,253547000000.0,-5.242921907,1.561813174
2009,Uzbekistan,33689223673.0,8.050933327,12.17375952
2009,Viet Nam,106015000000.0,5.39789754,6.7169827
2009,"Yemen, Rep.",25130278213.0,3.866229516,5.407760981
2010,Afghanistan,15856668496.0,14.36244147,2.178537524
2010,Armenia,9260285756.0,2.2,8.176361385
2010,Azerbaijan,52909294792.0,5.048944513,5.726872247
2010,Bahrain,25713271277.0,4.334299173,1.961884683
2010,Bangladesh,115279000000.0,5.571788185,8.126676392
2010,Bhutan,1547990912.0,11.945896,7.036383161
2010,Brunei Darussalam,13707280260.0,2.598965746,0.356869132
2010,Cambodia,11242275288.0,5.963078573,3.996395281
2010,China,6087190000000.0,10.63587107,3.175324753
2010,Cyprus,25732125694.0,2.014695707,2.430040841
2010,Georgia,12243217071.0,6.232310183,7.110178975
2010,India,1675620000000.0,8.497584702,11.98938992
2010,Indonesia,755094000000.0,6.22385418,5.134204008
2010,"Iran, Islamic Rep.",486808000000.0,5.797938296,10.08936293
2010,Iraq,138517000000.0,6.402564845,2.877747253
2010,Israel,238364000000.0,5.668515118,2.691370063
2010,Japan,5759070000000.0,4.097917919,-0.728243208
2010,Jordan,27133804225.0,2.314834221,4.845518759
2010,Kazakhstan,148047000000.0,7.300000003,7.400463567
2010,"Korea, Rep.",1143670000000.0,6.804824918,2.939286527
2010,Kuwait,115417000000.0,-2.37026412,4.496402878
2010,Kyrgyz Republic,4794361863.0,-0.471566601,7.967722256
2010,Lao PDR,7131773633.0,8.526905517,5.982545216
2010,Lebanon,38443907042.0,7.975135558,3.983479419
2010,Malaysia,255018000000.0,7.424847383,1.622852356
2010,Maldives,2588176058.0,6.835471394,6.149885368
2010,Mongolia,7189481999.0,6.365161679,10.04620659
2010,Myanmar,49540813342.0,9.634439452,7.718381959
2010,Nepal,16002656434.0,4.816414647,9.326504107
2010,Oman,64993498049.0,1.713985311,3.256579591
2010,Pakistan,196710000000.0,1.501717522,12.93887056
2010,Philippines,208369000000.0,7.334499965,3.789836348
2010,Qatar,125122000000.0,19.59233153,-2.425256752
2010,Saudi Arabia,528207000000.0,5.039492888,5.339416806
2010,Singapore,239808000000.0,14.51974971,2.823661349
2010,Sri Lanka,58636161082.0,8.01596737,6.217648893
2010,Syrian Arab Republic,252518000000.0,5.191905841,4.397413832
2010,Tajikistan,5642221529.0,6.499999086,6.445314408
2010,Thailand,341105000000.0,7.513390533,3.247588424
2010,Timor-Leste,881909300.0,9.331511766,6.765976802
2010,Turkiye,776967000000.0,8.427104323,8.566444206
2010,United Arab Emirates,300189000000.0,1.602850048,0.877983288
2010,Uzbekistan,49765676402.0,7.597167961,12.17375952
2010,Viet Nam,147201000000.0,6.423244822,9.207466488
2010,"Yemen, Rep.",30906749533.0,7.70230704,11.17483386
2011,Afghanistan,17805098367.0,0.426354785,11.80418581
2011,Armenia,10142111825.0,4.699999999,7.650008079
2011,Azerbaijan,65952796428.0,0.100000138,7.858333333
2011,Bahrain,28776595745.0,1.983515012,-0.400040697
2011,Bangladesh,128638000000.0,6.464379125,11.39516516
2011,Bhutan,1777102573.0,7.982617041,8.848985699
2011,Brunei Darussalam,18525128526.0,3.745318352,0.137911563
2011,Cambodia,12829541141.0,7.069569946,5.478447496
2011,China,7551550000000.0,9.550832179,5.553898923
2011,Cyprus,27564931919.0,0.401437941,3.289449396
2011,Georgia,15107486236.0,7.360661618,8.542933333
2011,India,1823050000000.0,5.241315002,8.911793365
2011,Indonesia,892969000000.0,6.169784208,5.35604779
2011,"Iran, Islamic Rep.",626133000000.0,2.64571792,26.29338567
2011,Iraq,185750000000.0,7.5464712,5.801455371
2011,Israel,266792000000.0,5.561139076,3.484949198
2011,Japan,6233150000000.0,0.023809524,-0.272455616
2011,Jordan,29524149155.0,2.737179886,4.162441629
2011,Kazakhstan,192626000000.0,7.400000001,8.424887619
2011,"Korea, Rep.",1253290000000.0,3.685667782,4.025965004
2011,Kuwait,154080000000.0,9.628406975,4.839403499
2011,Kyrgyz Republic,6197765984.0,5.956274309,16.63632627
2011,Lao PDR,8750107402.0,8.03865268,7.568988561
2011,Lebanon,39927125962.0,0.867339879,4.971485717
2011,Malaysia,297952000000.0,5.293912834,3.174470922
2011,Maldives,2774350238.0,8.572699024,11.27341461
2011,Mongolia,10409797378.0,17.29077759,8.411214953
2011,Myanmar,59977326086.0,5.591482378,5.021460146
2011,Nepal,21573872274.0,3.421808701,9.227075461
2011,Oman,77497529259.0,2.894609735,4.042188671
2011,Pakistan,230587000000.0,2.680116854,11.91609271
2011,Philippines,234217000000.0,3.858232824,4.718417047
2011,Qatar,167775000000.0,13.37517641,1.138366235
2011,Saudi Arabia,676635000000.0,10.99376163,5.826216088
2011,Singapore,279356000000.0,6.214934169,5.247793398
2011,Sri Lanka,67753284044.0,8.669483012,6.716768436
2011,Syrian Arab Republic,67539428159.0,2.850002844,4.753163889
2011,Tajikistan,6522755783.0,7.4000006,12.43154904
2011,Thailand,370819000000.0,0.840132083,3.808790581
2011,Timor-Leste,1042534600.0,5.958539712,13.49984024
2011,Turkiye,838785000000.0,11.20011058,6.471879671
2011,United Arab Emirates,360833000000.0,6.216121813,0.877346596
2011,Uzbekistan,60178909297.0,7.525139894,13.77974465
2011,Viet Nam,172595000000.0,6.413168897,18.67773228
2011,"Yemen, Rep.",32726417878.0,-12.7148969,19.54356171
2012,Afghanistan,19907329906.0,12.75228709,6.441212809
2012,Armenia,10619320683.0,7.200000001,2.558020078
2012,Azerbaijan,69679944504.0,2.165239475,1.066213397
2012,Bahrain,30749308511.0,3.72810843,2.7573967
2012,Bangladesh,133356000000.0,6.521458779,6.217504221
2012,Bhutan,1781280182.0,5.118400858,10.91965694
2012,Brunei Darussalam,19048443341.0,0.912841671,0.111766261
2012,Cambodia,14054443213.0,7.313345506,2.934316093
2012,China,8532190000000.0,7.863736448,2.619524326
2012,Cyprus,24977293926.0,-3.446822086,2.3890541
2012,Georgia,16488822461.0,6.416776679,-0.943658853
2012,India,1827640000000.0,5.456388753,9.478996914
2012,Indonesia,917870000000.0,6.030050653,4.279499996
2012,"Iran, Islamic Rep.",644036000000.0,-3.747171399,27.25681272
2012,Iraq,218002000000.0,13.93643017,6.089096416
2012,Israel,262282000000.0,2.587653844,1.679207194
2012,Japan,6272360000000.0,1.374750999,-0.04406451
2012,Jordan,31634561690.0,2.429358001,4.515229567
2012,Kazakhstan,207999000000.0,4.799999995,5.09791485
2012,"Korea, Rep.",1278050000000.0,2.402530992,2.187071044
2012,Kuwait,174048000000.0,6.6258183,3.255146003
2012,Kyrgyz Republic,6605142884.0,-0.088150201,2.768442365
2012,Lao PDR,10192848926.0,8.026098435,4.255126778
2012,Lebanon,44016799516.0,2.564791337,6.581474477
2012,Malaysia,314443000000.0,5.473454193,1.663571025
2012,Maldives,2886163996.0,2.363747597,10.88469566
2012,Mongolia,12292770632.0,12.31981985,14.33033483
2012,Myanmar,59937796642.0,7.332670447,1.467583227
2012,Nepal,21703100747.0,4.670141924,9.459809804
2012,Oman,87408842653.0,8.863122256,2.947734953
2012,Pakistan,250107000000.0,3.027583911,9.682351861
2012,Philippines,261921000000.0,6.896951708,3.026963911
2012,Qatar,186834000000.0,4.730011844,2.315348534
2012,Saudi Arabia,741850000000.0,5.427394266,2.866268875
2012,Singapore,295093000000.0,4.435497594,4.575602704
2012,Sri Lanka,70447216891.0,8.63218138,7.542913732
2012,Syrian Arab Republic,43190318033.0,-26.33901708,36.70229534
2012,Tajikistan,7633036366.0,7.499999463,5.83116601
2012,Thailand,397558000000.0,7.242796202,3.014899503
2012,Timor-Leste,1160555000.0,4.860621868,11.80030967
2012,Turkiye,880556000000.0,4.788492711,8.891569965
2012,United Arab Emirates,384610000000.0,1.824480789,0.6622689
2012,Uzbekistan,67517349212.0,7.102444888,13.20880267
2012,Viet Nam,195591000000.0,5.504544704,9.094703396
2012,"Yemen, Rep.",35401331610.0,2.392990209,9.885387145
2013,Afghanistan,20146416876.0,5.600744658,7.385771784
2013,Armenia,11121464437.0,3.3,5.789667785
2013,Azerbaijan,74160560124.0,5.809800843,2.415717453
2013,Bahrain,32539468085.0,5.41683981,3.300011569
2013,Bangladesh,149991000000.0,6.013605658,7.530406409
2013,Bhutan,1756214316.0,2.119972633,8.776383453
2013,Brunei Darussalam,18094321617.0,-2.126028517,0.389205053
2013,Cambodia,15227991395.0,7.356665149,2.941625095
2013,China,9570470000000.0,7.766150097,2.621050017
2013,Cyprus,23899444183.0,-6.553078255,-0.399357676
2013,Georgia,17190068236.0,3.615553719,-0.512058411
2013,India,1856720000000.0,6.386106401,10.01787847
2013,Indonesia,912524000000.0,5.557263689,6.412513302
2013,"Iran, Islamic Rep.",492776000000.0,-1.521979205,36.60303552
2013,Iraq,234638000000.0,7.628571185,1.879498007
2013,Israel,297733000000.0,4.415501587,1.570255392
2013,Japan,5212330000000.0,2.005100177,0.335037912
2013,Jordan,34454440141.0,2.609947375,4.824623143
2013,Kazakhstan,236635000000.0,5.999999997,5.846409173
2013,"Korea, Rep.",1370630000000.0,3.164708636,1.301347545
2013,Kuwait,174168000000.0,1.149300437,2.682296841
2013,Kyrgyz Republic,7335033801.0,10.91546945,6.613752024
2013,Lao PDR,11983252627.0,8.026300227,6.371427178
2013,Lebanon,46880103081.0,3.827873499,4.821019563
2013,Malaysia,323276000000.0,4.693722526,2.105012312
2013,Maldives,3295009237.0,6.963246536,3.805630009
2013,Mongolia,12582122604.0,11.64891619,10.49065676
2013,Myanmar,60269732883.0,8.426001025,5.643038834
2013,Nepal,22162205046.0,3.525153171,9.040163119
2013,Oman,89936020806.0,5.227704081,1.045528388
2013,Pakistan,258657000000.0,4.36686505,7.692156119
2013,Philippines,283903000000.0,6.750531304,2.582687661
2013,Qatar,198728000000.0,5.556040643,3.221977568
2013,Saudi Arabia,753865000000.0,2.850342991,3.532524707
2013,Singapore,307576000000.0,4.817630991,2.358604154
2013,Sri Lanka,77000578167.0,4.051746329,6.908450348
2013,Syrian Arab Republic,21361254635.0,-26.30008766,9.676562428
2013,Tajikistan,8448410727.0,7.399999747,5.009646453
2013,Thailand,420334000000.0,2.687495563,2.184886185
2013,Timor-Leste,1395727400.0,3.104366832,10.98723442
2013,Turkiye,957799000000.0,8.485816997,7.493090305
2013,United Arab Emirates,400219000000.0,5.055559654,1.101118364
2013,Uzbekistan,73180037911.0,7.296550369,11.84143336
2013,Viet Nam,213709000000.0,5.55351081,6.592674759
2013,"Yemen, Rep.",40415233436.0,4.823519067,10.96844215
2014,Afghanistan,20497128600.0,2.724543364,4.673996035
2014,Armenia,11609513247.0,3.600000001,2.981308689
2014,Azerbaijan,75239785452.0,2.750506815,1.373441815
2014,Bahrain,33387712766.0,4.350390853,2.647553212
2014,Bangladesh,172885000000.0,6.061059359,6.991638892
2014,Bhutan,1907090376.0,5.77649568,8.271060939
2014,Brunei Darussalam,17097802753.0,-2.508352566,-0.207108732
2014,Cambodia,16702610842.0,7.1425711,3.855688614
2014,China,10475600000000.0,7.425763656,1.921641628
2014,Cyprus,23155988617.0,-1.829309109,-1.354988854
2014,Georgia,17627332900.0,4.441548404,3.068812104
2014,India,2039130000000.0,7.410227601,6.665656719
2014,Indonesia,890815000000.0,5.006668426,6.394925408
2014,"Iran, Islamic Rep.",460383000000.0,4.984775067,16.60655324
2014,Iraq,228416000000.0,0.19701671,2.235974079
2014,Israel,314330000000.0,3.919126893,0.479786761
2014,Japan,4896990000000.0,0.296205514,2.759226714
2014,Jordan,36847643521.0,3.384078099,2.89947905
2014,Kazakhstan,221416000000.0,4.200000006,6.706578291
2014,"Korea, Rep.",1484490000000.0,3.202453795,1.274774464
2014,Kuwait,162650000000.0,0.500876982,2.908926729
2014,Kyrgyz Republic,7468102413.0,4.024038626,7.534247298
2014,Lao PDR,13279248479.0,7.61196344,4.129243069
2014,Lebanon,48095213747.0,2.484060105,1.854604213
2014,Malaysia,338066000000.0,6.006721946,3.142990509
2014,Maldives,3697353037.0,7.801094751,2.120001757
2014,Mongolia,12226514668.0,7.885225482,12.25398081
2014,Myanmar,65446196920.0,7.990915597,4.953299185
2014,Nepal,22731612827.0,6.011482843,8.364154697
2014,Oman,92699089727.0,1.292252294,1.022343145
2014,Pakistan,271390000000.0,4.116428172,7.189384028
2014,Philippines,297484000000.0,6.34798748,3.597823439
2014,Qatar,206225000000.0,5.334323292,3.349720857
2014,Saudi Arabia,766606000000.0,4.027651215,2.236290315
2014,Singapore,314864000000.0,3.935540277,1.02514803
2014,Sri Lanka,82528535714.0,6.377978893,3.179002282
2014,Syrian Arab Republic,21502061466.0,-10.3103399,9.676562428
2014,Tajikistan,9112606074.0,6.70000069,6.104427651
2014,Thailand,407339000000.0,0.984468864,1.895141819
2014,Timor-Leste,1447535200.0,4.472498466,0.848838206
2014,Turkiye,938935000000.0,4.939715161,8.854572714
2014,United Arab Emirates,414105000000.0,4.165691843,2.346268657
2014,Uzbekistan,80845385816.0,6.873838446,9.283093562
2014,Viet Nam,233451000000.0,6.422243121,4.084554466
2014,"Yemen, Rep.",43228585321.0,-0.188690232,8.104725836
2015,Afghanistan,19134221745.0,1.45131466,-0.661709165
2015,Armenia,10553337518.0,3.199999999,3.731691193
2015,Azerbaijan,53076235355.0,1.093975916,4.027685737
2015,Bahrain,31050638298.0,2.485378558,1.848627424
2015,Bangladesh,195079000000.0,6.552639878,6.19428023
2015,Bhutan,2003596839.0,6.642232105,4.548143951
2015,Brunei Darussalam,12930291488.0,-0.39238375,-0.488347421
2015,Cambodia,18049954289.0,6.965797817,1.223931955
2015,China,11061600000000.0,7.041328879,1.437023809
2015,Cyprus,19842492367.0,3.383079712,-2.096997691
2015,Georgia,14953673796.0,3.026576617,4.003578207
2015,India,2103590000000.0,7.99625379,4.906973441
2015,Indonesia,860854000000.0,4.8763223,6.363121131
2015,"Iran, Islamic Rep.",408213000000.0,-1.424884939,12.48468156
2015,Iraq,166774000000.0,4.722864019,1.393330288
2015,Israel,303414000000.0,2.485826289,-0.601291007
2015,Japan,4444930000000.0,1.560626697,0.795279631
2015,Jordan,38587017887.0,2.496528793,-0.87685136
2015,Kazakhstan,184388000000.0,1.200000001,6.665776115
2015,"Korea, Rep.",1466040000000.0,2.809103268,0.706331772
2015,Kuwait,114586000000.0,0.593019617,3.271701661
2015,Kyrgyz Republic,6678177512.0,3.875825448,6.50331839
2015,Lao PDR,14426381187.0,7.270065844,1.277354271
2015,Lebanon,49929337837.0,0.462320793,-3.749145248
2015,Malaysia,301355000000.0,5.091532422,2.104389802
2015,Maldives,4129505320.0,3.971715713,0.953206659
2015,Mongolia,11619892591.0,2.379835807,5.735682819
2015,Myanmar,59687411769.0,6.99284029,9.454171895
2015,Nepal,24360801338.0,3.976053272,7.868908956
2015,Oman,78710793238.0,5.017057997,0.065290133
2015,Pakistan,299964000000.0,4.217942096,2.529328173
2015,Philippines,306446000000.0,6.348309715,0.674192537
2015,Qatar,161740000000.0,4.753345724,1.814077239
2015,Saudi Arabia,669484000000.0,4.690145073,1.206073222
2015,Singapore,307999000000.0,2.976799316,-0.522618167
2015,Sri Lanka,85140955389.0,4.205955476,3.768367831
2015,Syrian Arab Republic,16468399173.0,-4.179791617,9.676562428
2015,Tajikistan,8271431932.0,6.019303318,5.714559496
2015,Thailand,401296000000.0,3.134047249,-0.900424963
2015,Timor-Leste,1595205100.0,2.797266112,0.646148614
2015,Turkiye,864314000000.0,6.084486904,7.670853648
2015,United Arab Emirates,370275000000.0,6.786772879,4.069966084
2015,Uzbekistan,86196264742.0,7.218773503,8.751881967
2015,Viet Nam,239258000000.0,6.987154306,0.631200905
2015,"Yemen, Rep.",42444489522.0,-27.99454625,17.49567681
2016,Afghanistan,18116572399.0,2.260314201,4.383891955
2016,Armenia,10546136236.0,0.2,-1.403607559
2016,Azerbaijan,37866996883.0,-3.09999988,12.44337486
2016,Bahrain,32234973404.0,3.558128119,2.786793476
2016,Bangladesh,265236000000.0,7.113478213,5.513525727
2016,Bhutan,2158971711.0,8.127033538,3.219886894
2016,Brunei Darussalam,11400466356.0,-2.477917718,-0.278693266
2016,Cambodia,20016747858.0,6.933313972,3.019139751
2016,China,11233300000000.0,6.848762204,2.000001822
2016,Cyprus,20952955488.0,6.454554466,-1.429166667
2016,Georgia,15141598623.0,2.90643878,2.134927139
2016,India,2294800000000.0,8.256305499,4.948216341
2016,Indonesia,931877000000.0,5.033069183,3.525805157
2016,"Iran, Islamic Rep.",457955000000.0,8.815086643,7.24542549
2016,Iraq,166602000000.0,13.78737302,0.556521397
2016,Israel,322103000000.0,4.521680309,-0.551552353
2016,Japan,5003680000000.0,0.753826746,-0.127258844
2016,Jordan,39892551127.0,1.994180849,-0.778430463
2016,Kazakhstan,137278000000.0,1.099999999,14.54602379
2016,"Korea, Rep.",1499680000000.0,2.946881715,0.97168574
2016,Kuwait,109406000000.0,2.925868226,3.198397767
2016,Kyrgyz Republic,6813095379.0,4.335855917,0.388838297
2016,Lao PDR,15912495369.0,7.022836255,1.596912276
2016,Lebanon,51147308774.0,1.554549409,-0.783359624
2016,Malaysia,301256000000.0,4.449781398,2.090566595
2016,Maldives,4409942623.0,6.572236154,0.502509414
2016,Mongolia,11181350649.0,1.489784487,0.733272227
2016,Myanmar,63216143490.0,6.037936941,6.928825258
2016,Nepal,24524109484.0,0.433113719,8.79034332
2016,Oman,75128738622.0,5.046423946,1.109208058
2016,Pakistan,313630000000.0,6.573838285,3.765119164
2016,Philippines,318627000000.0,7.149456753,1.253698801
2016,Qatar,151732000000.0,3.064191884,2.676591701
2016,Saudi Arabia,666000000000.0,2.363074579,2.068840361
2016,Singapore,319030000000.0,3.601656039,-0.53226874
2016,Sri Lanka,88012282206.0,5.053624893,3.958888466
2016,Syrian Arab Republic,12598742889.0,-6.405590739,9.676562428
2016,Tajikistan,6992416097.0,6.9,6.004580823
2016,Thailand,413366000000.0,3.435157717,0.188149704
2016,Timor-Leste,1652603700.0,3.368174828,-1.469842879
2016,Turkiye,869683000000.0,3.323084208,7.775134153
2016,United Arab Emirates,369255000000.0,5.561490755,1.617488089
2016,Uzbekistan,86138288633.0,5.932150802,8.130886695
2016,Viet Nam,257096000000.0,6.690008927,2.66824817
2016,"Yemen, Rep.",31317824943.0,-9.375123818,17.49567681
2017,Afghanistan,18753456507.0,2.647003202,4.975951506
2017,Armenia,11527458709.0,7.500000002,0.969553269
2017,Azerbaijan,40866627352.0,0.199999939,12.93591842
2017,Bahrain,35473776596.0,4.290949778,1.386718306
2017,Bangladesh,293755000000.0,6.590254815,5.702070157
2017,Bhutan,2591358114.0,4.651834675,4.95508367
2017,Brunei Darussalam,12128183904.0,1.328602552,-1.260505646
2017,Cambodia,22177200588.0,6.9969037,2.912635574
2017,China,12310500000000.0,6.947200793,1.593136001
2017,Cyprus,22870678689.0,5.852540355,0.531766496
2017,Georgia,16242645072.0,4.842603225,6.035317253
2017,India,2651470000000.0,6.795383423,3.328173375
2017,Indonesia,1015620000000.0,5.069785901,3.80879807
2017,"Iran, Islamic Rep.",486630000000.0,2.758505246,8.044924377
2017,Iraq,187218000000.0,-1.819750351,0.184058899
2017,Israel,358245000000.0,4.276595951,0.259414975
2017,Japan,4930840000000.0,1.675331752,0.484199796
2017,Jordan,41608435915.0,2.473598154,3.323894476
2017,Kazakhstan,166806000000.0,4.100000003,7.440004373
2017,"Korea, Rep.",1623070000000.0,3.15963574,1.944332308
2017,Kuwait,120688000000.0,-4.712106209,2.171832985
2017,Kyrgyz Republic,7702938379.0,4.739937225,3.175309864
2017,Lao PDR,17071162084.0,6.892530873,0.825478608
2017,Lebanon,53027680686.0,0.903028464,4.321352183
2017,Malaysia,319109000000.0,5.81272241,3.871201158
2017,Maldives,4816426260.0,7.05453899,2.817473382
2017,Mongolia,11480847741.0,5.636876387,4.301431053
2017,Myanmar,66055090634.0,6.136108244,4.572536553
2017,Nepal,28971588880.0,8.977279356,3.627096107
2017,Oman,80856697009.0,0.304057566,1.597160603
2017,Pakistan,339206000000.0,4.432625907,4.08537368
2017,Philippines,328481000000.0,6.930988325,2.853187726
2017,Qatar,161099000000.0,-1.497604702,0.394878914
2017,Saudi Arabia,714995000000.0,-0.069698016,-0.83819458
2017,Singapore,343273000000.0,4.544728218,0.57626031
2017,Sri Lanka,94376237797.0,6.460681271,7.704137679
2017,Syrian Arab Republic,16369724424.0,-0.723281777,9.676562428
2017,Tajikistan,7536403147.0,7.1,11.18745334
2017,Thailand,456357000000.0,4.177681032,0.665631893
2017,Timor-Leste,1598208400.0,-3.144570024,0.52297668
2017,Turkiye,858988000000.0,7.501997489,11.14431108
2017,United Arab Emirates,390517000000.0,0.735068713,1.966825578
2017,Uzbekistan,62081322740.0,4.395274635,13.87574254
2017,Viet Nam,281354000000.0,6.940190374,3.520256888
2017,"Yemen, Rep.",26842228829.0,-5.071795639,17.49567681
2018,Afghanistan,18053222735.0,1.189228128,0.626149149
2018,Armenia,12457940695.0,5.2,2.52023382
2018,Azerbaijan,47112470052.0,1.5,2.268546904
2018,Bahrain,37802005319.0,2.111130473,2.08766938
2018,Bangladesh,321379000000.0,7.31940778,5.543621395
2018,Bhutan,2583335724.0,3.501871837,2.723963862
2018,Brunei Darussalam,13566937674.0,0.052237791,1.025051793
2018,Cambodia,24571753583.0,7.469169208,2.459085154
2018,China,13894900000000.0,6.749773833,2.0747904
2018,Cyprus,25523485043.0,5.692841724,1.435491195
2018,Georgia,17596922470.0,4.842919885,2.615244714
2018,India,2702930000000.0,6.453851341,3.938826467
2018,Indonesia,1042270000000.0,5.17429154,3.198346416
2018,"Iran, Islamic Rep.",329692000000.0,-1.838007571,18.01411834
2018,Iraq,227367000000.0,2.633850991,0.367441489
2018,Israel,376692000000.0,4.070321887,0.79407566
2018,Japan,5040880000000.0,0.643391023,0.989094598
2018,Jordan,43370860704.0,1.919072636,4.462311085
2018,Kazakhstan,179340000000.0,4.099999993,6.019130966
2018,"Korea, Rep.",1725370000000.0,2.907403774,1.47583935
2018,Kuwait,138203000000.0,2.433981269,0.543133148
2018,Kyrgyz Republic,8271106235.0,3.757910125,1.542661452
2018,Lao PDR,18141651381.0,6.247960008,2.040392669
2018,Lebanon,54901519156.0,-1.884705756,6.076989079
2018,Malaysia,358789000000.0,4.843086976,0.884709161
2018,Maldives,5404344159.0,8.668006197,-0.133373386
2018,Mongolia,13178094720.0,7.74488062,6.824247901
2018,Myanmar,67855845007.0,6.268862215,6.872328657
2018,Nepal,33111525183.0,7.622376104,4.061163388
2018,Oman,91505851756.0,1.287103915,0.881302104
2018,Pakistan,356128000000.0,6.151702611,5.078057259
2018,Philippines,346842000000.0,6.341485571,5.309346616
2018,Qatar,183335000000.0,1.234872202,0.255815383
2018,Saudi Arabia,846584000000.0,2.762243738,2.45814158
2018,Singapore,376869000000.0,3.57543271,0.438620118
2018,Sri Lanka,94493871201.0,2.310084252,2.135037737
2018,Syrian Arab Republic,21496337949.0,1.393176078,9.676562428
2018,Tajikistan,7765000282.0,7.599999999,11.18745334
2018,Thailand,506754000000.0,4.222870287,1.063897542
2018,Timor-Leste,1566157200.0,-0.692800736,2.29424307
2018,Turkiye,778972000000.0,3.013179908,16.3324639
2018,United Arab Emirates,427049000000.0,1.313913881,3.068633793
2018,Uzbekistan,52870108217.0,5.879742867,17.52417965
2018,Viet Nam,310106000000.0,7.465006856,3.539628059
2018,"Yemen, Rep.",21606160784.0,0.752447588,17.49567681
2019,Afghanistan,18799444415.0,3.911603419,2.302372515
2019,Armenia,13619290539.0,7.599999999,1.443446608
2019,Azerbaijan,48174235294.0,2.500000067,2.610571828
2019,Bahrain,38653318085.0,2.166964669,1.005820047
2019,Bangladesh,351238000000.0,7.881906729,5.591996399
2019,Bhutan,2735683409.0,5.755148506,2.726430374
2019,Brunei Darussalam,13469235365.0,3.869109865,-0.390522069
2019,Cambodia,27089390033.0,7.054106932,1.942575008
2019,China,14280000000000.0,5.950500754,2.899234164
2019,Cyprus,25947027570.0,5.839884912,0.250370997
2019,Georgia,17470436259.0,4.982350475,4.852898217
2019,India,2835610000000.0,3.871436939,3.729505735
2019,Indonesia,1119100000000.0,5.01928768,3.03058665
2019,"Iran, Islamic Rep.",283650000000.0,-3.070587985,39.90734557
2019,Iraq,233636000000.0,5.513790574,-0.19896538
2019,Israel,402471000000.0,4.156137989,0.849783128
2019,Japan,5117990000000.0,-0.402169201,0.468776159
2019,Jordan,44502816901.0,1.751239059,0.761514047
2019,Kazakhstan,181667000000.0,4.500000001,5.245476796
2019,"Korea, Rep.",1651420000000.0,2.24397786,0.383000304
2019,Kuwait,136192000000.0,-0.551959332,1.091848027
2019,Kyrgyz Republic,9371275264.0,4.600625666,1.133622577
2019,Lao PDR,18740559554.0,5.457735092,3.322558813
2019,Lebanon,51605959131.0,-6.914924729,3.005389494
2019,Malaysia,365178000000.0,4.413187421,0.662891866
2019,Maldives,5726094798.0,7.298335754,0.220029731
2019,Mongolia,14206359018.0,5.602244221,7.301069536
2019,Myanmar,75072038086.0,6.579110068,8.825066968
2019,Nepal,34186180696.0,6.657055431,5.568685478
2019,Oman,88060858257.0,-1.128711062,0.133795057
2019,Pakistan,320909000000.0,2.497636929,10.5783618
2019,Philippines,376823000000.0,6.118525661,2.392065344
2019,Qatar,176371000000.0,0.68824096,-0.666641125
2019,Saudi Arabia,838565000000.0,0.832280327,-2.093333333
2019,Singapore,376838000000.0,1.331261327,0.565260569
2019,Sri Lanka,89014978344.0,-0.220483886,3.528393582
2019,Syrian Arab Republic,22600896343.0,1.220705221,9.676562428
2019,Tajikistan,8300813890.0,7.4,11.18745334
2019,Thailand,543977000000.0,2.114557796,0.706728601
2019,Timor-Leste,2027034000.0,23.41201676,0.95881274
2019,Turkiye,761006000000.0,0.818525936,15.17682157
2019,United Arab Emirates,417990000000.0,1.108348139,-1.931081148
2019,Uzbekistan,60283503705.0,5.981561942,14.52573596
2019,Viet Nam,334365000000.0,7.359262701,2.795823675
2019,"Yemen, Rep.",20874604448.0,1.861577367,17.49567681
2020,Afghanistan,19955929061.0,-2.351100673,6.124619936
2020,Armenia,12641698583.0,-7.199999999,1.211435778
2020,Azerbaijan,42693000000.0,-4.300000102,2.75980947
2020,Bahrain,34621807713.0,-4.644637359,-2.317706293
2020,Bangladesh,373902000000.0,3.448025628,5.691074747
2020,Bhutan,2457604043.0,-10.21839741,5.629365226
2020,Brunei Darussalam,12005799654.0,1.13357335,1.940319966
2020,Cambodia,25872797892.0,-3.096006731,2.940295143
2020,China,14687700000000.0,2.238638357,2.419421895
2020,Cyprus,25227201184.0,-3.390860487,-0.638422798
2020,Georgia,15842922533.0,-6.760439817,5.20246489
2020,India,2671600000000.0,-5.831053221,6.623436776
2020,Indonesia,1059050000000.0,-2.065511829,1.920968006
2020,"Iran, Islamic Rep.",239735000000.0,3.330288459,30.59413904
2020,Iraq,180924000000.0,-12.03679309,0.574162679
2020,Israel,413268000000.0,-1.857289278,-0.614412358
2020,Japan,5055590000000.0,-4.147118899,-0.024995834
2020,Jordan,43700383099.0,-1.102751883,0.333294351
2020,Kazakhstan,171082000000.0,-2.499999996,6.771545828
2020,"Korea, Rep.",1644310000000.0,-0.709415359,0.537288023
2020,Kuwait,105949000000.0,-8.855278885,2.101729548
2020,Kyrgyz Republic,8270468614.0,-7.148977577,6.325422963
2020,Lao PDR,18981800705.0,0.503031829,5.10407263
2020,Lebanon,31712128254.0,-21.39989969,84.86433305
2020,Malaysia,337456000000.0,-5.456846584,-1.138702154
2020,Maldives,3712604580.0,-32.90882873,-1.369774256
2020,Mongolia,13312981429.0,-4.557751976,3.796040261
2020,Myanmar,79045695085.0,-9.048346924,13.26925809
2020,Nepal,33433659224.0,-2.369620629,5.052366553
2020,Oman,75909397659.0,-3.3797144,-0.903874872
2020,Pakistan,300426000000.0,-1.274087443,9.739993139
2020,Philippines,361751000000.0,-9.518294741,2.393162393
2020,Qatar,144411000000.0,-3.557603999,-2.54031503
2020,Saudi Arabia,734271000000.0,-4.341387678,3.44545826
2020,Singapore,348392000000.0,-3.901053402,-0.181916667
2020,Sri Lanka,84440516486.0,-4.624515816,6.153945084
2020,Syrian Arab Republic,11156757922.0,-0.182330467,9.676562428
2020,Tajikistan,8133963813.0,4.400000001,11.18745334
2020,Thailand,500457000000.0,-6.066925969,-0.845937147
2020,Timor-Leste,2162619200.0,31.96191887,4.843521556
2020,Turkiye,720338000000.0,1.85983969,12.27895745
2020,United Arab Emirates,349473000000.0,-4.957052437,-2.079403179
2020,Uzbekistan,60224701297.0,1.995585081,12.86772974
2020,Viet Nam,346616000000.0,2.865413209,3.220934367
2020,"Yemen, Rep.",20874604448.0,1.861577367,17.49567681
2021,Afghanistan,14266499430.0,-20.73883937,6.124619936
2021,Armenia,13878908629.0,5.8,7.184836294
2021,Azerbaijan,54825411765.0,5.616451029,6.650299127
2021,Bahrain,39288670213.0,2.669708714,-0.606319385
2021,Bangladesh,416265000000.0,6.938679124,5.545654308
2021,Bhutan,2768003873.0,4.421367402,7.346814405
2021,Brunei Darussalam,14006496617.0,-1.590762601,1.733413885
2021,Cambodia,26961061152.0,3.026389364,2.920734776
2021,China,17820500000000.0,8.448469416,0.981015136
2021,Cyprus,29482917679.0,9.911308208,2.446088672
2021,Georgia,18629365612.0,10.4655372,9.566914338
2021,India,3150310000000.0,9.050277909,5.131407472
2021,Indonesia,1186510000000.0,3.703055357,1.560129905
2021,"Iran, Islamic Rep.",359097000000.0,4.719777732,43.38901627
2021,Iraq,207692000000.0,1.583393363,6.041864891
2021,Israel,488527000000.0,8.611990348,1.510200477
2021,Japan,5034620000000.0,2.559320239,-0.233352779
2021,Jordan,46296100141.0,3.65564191,1.346093772
2021,Kazakhstan,197112000000.0,4.299999997,8.042320628
2021,"Korea, Rep.",1818430000000.0,4.304734819,2.498333333
2021,Kuwait,137384000000.0,1.146972339,3.423629476
2021,Kyrgyz Republic,9249133946.0,5.507007628,11.90503982
2021,Lao PDR,18827148529.0,2.528351005,3.755620367
2021,Lebanon,23131941557.0,-7.001238625,154.756096
2021,Malaysia,373832000000.0,3.297641008,2.477102415
2021,Maldives,5254366310.0,37.68719227,0.543149689
2021,Mongolia,15286441738.0,1.636769577,7.352812434
2021,Myanmar,66262813093.0,-12.01637215,13.26925809
2021,Nepal,36924841429.0,4.838149614,4.149680034
2021,Oman,88191977373.0,3.092276687,1.546637056
2021,Pakistan,348517000000.0,6.513885759,9.496210561
2021,Philippines,394087000000.0,5.714733135,3.927180221
2021,Qatar,179732000000.0,1.626846725,2.304465657
2021,Saudi Arabia,874156000000.0,4.326104676,3.063289889
2021,Singapore,423797000000.0,8.882353997,2.30485959
2021,Sri Lanka,88548049121.0,3.512224555,7.014780712
2021,Syrian Arab Republic,8969512933.0,1.29973809,9.676562428
2021,Tajikistan,8937805347.0,9.4,11.18745334
2021,Thailand,505568000000.0,1.492095235,1.230395413
2021,Timor-Leste,3621958000.0,5.315537431,4.843521556
2021,Turkiye,819865000000.0,11.43938474,19.59649269
2021,United Arab Emirates,415179000000.0,4.354755299,-0.013859944
2021,Uzbekistan,69600614987.0,7.403368136,10.84923975
2021,Viet Nam,366138000000.0,2.561564107,1.834715548
2021,"Yemen, Rep.",20874604448.0,1.861577367,17.49567681
2022,Afghanistan,7652785670.0,4.74796003,6.124619936
2022,Armenia,19513474648.0,12.6,8.64091109
2022,Azerbaijan,78721058824.0,4.616522963,13.85225901
2022,Bahrain,44383297872.0,4.860858272,3.625741043
2022,Bangladesh,460201000000.0,7.099828776,7.696954372
2022,Bhutan,925869512.9,6.832227605,5.639166714
2022,Brunei Darussalam,16681536467.0,-1.628331545,3.682250306
2022,Cambodia,29504829319.0,5.239810289,5.343702649
2022,China,17963200000000.0,2.989084086,1.973575557
2022,Cyprus,29250524418.0,5.058130191,8.39548298
2022,Georgia,24780791064.0,10.39349316,11.89816542
2022,India,3416650000000.0,7.239693281,6.699034141
2022,Indonesia,1319100000000.0,5.308595005,4.209463834
2022,"Iran, Islamic Rep.",413493000000.0,3.776631402,43.48846417
2022,Iraq,264182000000.0,7.008745223,4.994765964
2022,Israel,525002000000.0,6.832886636,4.393596659
2022,Japan,4256410000000.0,0.954736938,2.497702782
2022,Jordan,48653381781.0,2.428073345,4.229155689
2022,Kazakhstan,225496000000.0,3.2,82.35942488
2022,"Korea, Rep.",1673920000000.0,2.612672192,5.087887608
2022,Kuwait,175363000000.0,8.860759494,3.98064962
2022,Kyrgyz Republic,11543966559.0,6.33175292,13.92290932
2022,Lao PDR,15468785204.0,2.707426526,22.95622251
2022,Lebanon,25698059776.0,3.80501052,171.2054913
2022,Malaysia,407027000000.0,8.650344224,3.378698625
2022,Maldives,6170638747.0,13.9066764,2.333143376
2022,Mongolia,17146471626.0,5.032709637,15.14795609
2022,Myanmar,62263466264.0,4.037492993,13.26925809
2022,Nepal,40828247304.0,5.613193163,7.650791768
2022,Oman,114667000000.0,4.311253509,2.811840975
2022,Pakistan,374697000000.0,4.705802952,19.87385996
2022,Philippines,404284000000.0,7.570332488,5.821158112
2022,Qatar,236258000000.0,4.208871241,4.995275537
2022,Saudi Arabia,1108570000000.0,8.680736102,2.474073719
2022,Singapore,466788000000.0,3.646972071,6.12106004
2022,Sri Lanka,74403578363.0,-7.823977326,49.72110211
2022,Syrian Arab Republic,42653948666.0,3.63659511,9.676562428
2022,Tajikistan,10492123388.0,8.0,11.18745334
2022,Thailand,495423000000.0,2.597644126,6.077412284
2022,Timor-Leste,3204753000.0,-20.54158677,4.843521556
2022,Turkiye,907118000000.0,5.533469266,72.30883599
2022,United Arab Emirates,507064000000.0,7.850418125,4.827888596
2022,Uzbekistan,80391853887.0,5.668817053,11.4466437
2022,Viet Nam,408802000000.0,8.019792374,3.1565075
2022,"Yemen, Rep.",20874604448.0,1.861577367,17.49567681
